longitude,latitude,wind_speed
0.0,-90.0,3.7430053565234993
0.0,-87.0,6.0567970105905635
0.0,-84.0,5.699250029217025
0.0,-81.0,6.887628792780297
0.0,-78.0,5.4674385695215975
0.0,-75.0,4.044296082173443
0.0,-72.0,4.489050996601488
0.0,6.0,1.5447082606697728
0.0,9.0,1.522472011296886
0.0,12.0,1.862721758039621
0.0,15.0,2.849053573871944
0.0,18.0,2.7738815923448
0.0,21.0,2.218204115327612
0.0,24.0,2.2681023389095745
0.0,27.0,2.6249451062315594
0.0,30.0,2.52918099039053
0.0,33.0,1.4438745819932202
0.0,42.0,1.0042292584337107
0.0,45.0,1.0820268365794106
0.0,48.0,1.8740712919701872
0.0,51.0,2.143363662081219
3.0,-90.0,3.7430053565234993
3.0,-87.0,6.00914801321558
3.0,-84.0,5.3834121199220455
3.0,-81.0,6.708775399913594
3.0,-78.0,5.558383262125655
3.0,-75.0,4.476517329588298
3.0,-72.0,3.835704480653717
3.0,9.0,1.1901179758988571
3.0,12.0,1.7918780537743546
3.0,15.0,2.739767775778141
3.0,18.0,2.7176663980899494
3.0,21.0,1.9364669127786183
3.0,24.0,1.3271785770099145
3.0,27.0,3.9316290339890667
3.0,30.0,2.389415693662047
3.0,33.0,1.6436807173114507
3.0,36.0,0.8082717717611642
3.0,42.0,0.9618110180706388
3.0,45.0,1.1514190135370548
3.0,48.0,1.9863841644819766
3.0,51.0,2.2419066968595596
6.0,-90.0,3.7430053565234993
6.0,-87.0,5.924620596966949
6.0,-84.0,4.930762770514339
6.0,-81.0,6.519478372799523
6.0,-78.0,5.703705659971202
6.0,-75.0,4.590172187115544
6.0,-72.0,5.010904696128049
6.0,6.0,0.8847870549076484
6.0,9.0,0.9875209343396021
6.0,12.0,2.234435846960505
6.0,15.0,3.0758147421768203
6.0,18.0,2.017900908461318
6.0,21.0,2.609700992758793
6.0,24.0,0.9535469277843545
6.0,27.0,1.9040797520048107
6.0,30.0,2.086072474681355
6.0,33.0,1.6347824288318054
6.0,36.0,0.8720909374270147
6.0,45.0,0.4184333775433442
6.0,48.0,1.4416421844185632
6.0,51.0,2.0703743556741836
6.0,60.0,0.7585938477484859
9.0,-90.0,3.7430053565234993
9.0,-87.0,5.760811513296765
9.0,-84.0,4.650513732863625
9.0,-81.0,6.582508158469945
9.0,-78.0,5.703621416071555
9.0,-75.0,4.311866908217966
9.0,-72.0,7.006379398006513
9.0,6.0,0.40992692472597586
9.0,9.0,1.0580802213350546
9.0,12.0,1.6847498279496325
9.0,15.0,3.662364617993569
9.0,18.0,1.3825523766722474
9.0,21.0,2.743177840726648
9.0,24.0,1.4504656323861151
9.0,27.0,2.4829231375141636
9.0,30.0,1.7913356601041646
9.0,33.0,2.06689790066338
9.0,36.0,0.887061097331736
9.0,42.0,0.6689400902906494
9.0,45.0,0.4175024876973361
9.0,48.0,1.2801827971480308
9.0,51.0,1.6994827547317002
9.0,54.0,2.008945912352947
9.0,60.0,0.7212838823566617
9.0,63.0,0.7948557607415175
12.0,-90.0,3.7430053565234993
12.0,-87.0,5.612318221849445
12.0,-84.0,4.566595734302761
12.0,-81.0,6.797646261307867
12.0,-78.0,5.498339542518491
12.0,-75.0,3.785675647711528
12.0,-72.0,4.546125863718174
12.0,-18.0,4.3893788223884265
12.0,-3.0,0.6817240697828306
12.0,3.0,0.9321261025551507
12.0,6.0,0.6646379238716159
12.0,9.0,1.3449513120568177
12.0,12.0,1.9350429221836116
12.0,15.0,3.4740070882427982
12.0,18.0,2.302411956109158
12.0,21.0,2.92794290711579
12.0,24.0,2.2591042988491363
12.0,27.0,2.0992258773522083
12.0,30.0,1.8299047682399416
12.0,42.0,1.0170177493945733
12.0,45.0,1.1391075886001658
12.0,48.0,1.1041248988553811
12.0,51.0,1.7710978312898293
12.0,54.0,2.0487043875839177
12.0,60.0,0.7047549138358392
12.0,63.0,1.2495203110871687
15.0,-90.0,3.7430053565234993
15.0,-87.0,5.512178068550191
15.0,-84.0,4.571303774340939
15.0,-81.0,7.038010352970112
15.0,-78.0,5.219421892417864
15.0,-75.0,3.59817274998545
15.0,-72.0,9.233678351076026
15.0,-24.0,1.881292792225688
15.0,-21.0,1.6116595121338202
15.0,-18.0,1.52160899923725
15.0,-15.0,0.778604441939661
15.0,-12.0,0.6399194846739267
15.0,-9.0,0.7827378318981207
15.0,-6.0,1.1814341061768603
15.0,-3.0,1.0691034984624983
15.0,3.0,0.5847569455881471
15.0,6.0,0.739276635945901
15.0,9.0,1.1694277970863418
15.0,12.0,2.023137628691722
15.0,15.0,3.98205091073543
15.0,18.0,2.1392339955306725
15.0,21.0,2.634987027164262
15.0,24.0,3.1193332675224004
15.0,27.0,2.1061708078675614
15.0,30.0,1.570803573194392
15.0,42.0,1.360461716681047
15.0,45.0,0.868024968760705
15.0,48.0,1.0382197729644176
15.0,51.0,1.6276598259512776
15.0,54.0,2.3403841173982007
15.0,57.0,1.0005435739499944
15.0,60.0,0.8803026035404602
15.0,63.0,0.7352837248525002
15.0,66.0,0.9010464408572836
15.0,78.0,1.1459699209214207
18.0,-90.0,3.7430053565234993
18.0,-87.0,5.522383671814197
18.0,-84.0,4.86683652529486
18.0,-81.0,7.11983662916487
18.0,-78.0,4.892760018690231
18.0,-75.0,3.9369809660653825
18.0,-72.0,9.436916836031237
18.0,-33.0,3.0912445178218966
18.0,-30.0,1.2550041048458418
18.0,-27.0,1.6698363390861977
18.0,-24.0,1.1468040515797566
18.0,-21.0,1.1568727157582142
18.0,-18.0,1.5831553479747622
18.0,-15.0,1.206288406791025
18.0,-12.0,0.8376271258723983
18.0,-9.0,0.6313251855678487
18.0,-6.0,0.4473596856760212
18.0,-3.0,0.5485885420515355
18.0,3.0,0.602652079506605
18.0,6.0,0.9870448626436613
18.0,9.0,1.3723406396995674
18.0,12.0,1.8747268440472202
18.0,15.0,3.6605435794945405
18.0,18.0,5.0288481263298115
18.0,21.0,0.8677855238325082
18.0,24.0,3.3718955299358924
18.0,27.0,2.183856115781691
18.0,30.0,1.7141580637415135
18.0,45.0,0.5578680759355271
18.0,48.0,1.105091924747463
18.0,51.0,1.6098435485361398
18.0,54.0,1.8104796905267346
18.0,60.0,0.9356908593320911
18.0,63.0,1.255885979575529
18.0,66.0,0.9198061701318725
18.0,69.0,1.2106724698643436
18.0,78.0,1.4593995592317894
21.0,-90.0,3.7430053565234993
21.0,-87.0,5.600198775102125
21.0,-84.0,5.3151859739259
21.0,-81.0,7.112601367006653
21.0,-78.0,4.616304827382522
21.0,-75.0,4.537321945538026
21.0,-72.0,7.904112476320183
21.0,-33.0,1.8328624548174943
21.0,-30.0,1.489531432510395
21.0,-27.0,0.9588911695494029
21.0,-24.0,1.8452683543593755
21.0,-21.0,1.9604770662281208
21.0,-18.0,1.567738826231652
21.0,-15.0,1.2944991510801247
21.0,-12.0,1.405217714516884
21.0,-9.0,0.7839484765936744
21.0,-6.0,0.41638159492627463
21.0,-3.0,0.4997377205932522
21.0,3.0,0.5145154875585144
21.0,6.0,0.620383462722645
21.0,9.0,1.206009638058814
21.0,12.0,1.4968623886782326
21.0,15.0,2.756051075683663
21.0,18.0,4.056243964244763
21.0,21.0,3.6033690881685008
21.0,24.0,2.338315894405812
21.0,27.0,2.0605753368566946
21.0,30.0,1.7807461579687598
21.0,42.0,0.45859991948341144
21.0,45.0,0.9010698959714935
21.0,48.0,1.034955234528091
21.0,51.0,1.62058946368421
21.0,54.0,1.5621927143457066
21.0,66.0,0.813079069882083
21.0,69.0,1.129977303128092
24.0,-90.0,3.7430053565234993
24.0,-87.0,5.720599010721091
24.0,-84.0,5.820615552135171
24.0,-81.0,6.928844268677806
24.0,-78.0,4.406760900138237
24.0,-75.0,4.915232850807806
24.0,-72.0,4.033693865252142
24.0,-33.0,2.0134259891649857
24.0,-30.0,1.0483939809161458
24.0,-27.0,1.229501368693086
24.0,-24.0,1.4179712531670006
24.0,-21.0,2.0264510025410254
24.0,-18.0,1.617353029892113
24.0,-15.0,1.6219705195871217
24.0,-12.0,1.313670382694499
24.0,-9.0,0.7629908506811085
24.0,-6.0,0.4417204233981935
24.0,-3.0,0.5072993821237992
24.0,3.0,0.47222416760677194
24.0,6.0,0.8934700217704035
24.0,9.0,1.7226530870224002
24.0,12.0,2.1039573859275755
24.0,15.0,3.6595936156051394
24.0,18.0,3.23855284958938
24.0,21.0,2.929577668919619
24.0,24.0,2.3649807012602517
24.0,27.0,1.633960863848829
24.0,30.0,1.6488398705984977
24.0,42.0,0.5628280885743516
24.0,45.0,0.697468939317019
24.0,48.0,0.6519345933750983
24.0,51.0,1.472392317374224
24.0,54.0,1.5295694991197513
24.0,57.0,1.6071466075073648
24.0,63.0,0.9472455301641753
24.0,66.0,0.8016659785383035
24.0,69.0,2.04417624388877
27.0,-90.0,3.7430053565234993
27.0,-87.0,5.784538492068591
27.0,-84.0,6.198116560661981
27.0,-81.0,6.8792649383837485
27.0,-78.0,4.0971788491194685
27.0,-75.0,5.320916186026515
27.0,-72.0,11.208550475202038
27.0,-33.0,1.4445312516882123
27.0,-30.0,1.542856524349987
27.0,-27.0,1.4132546481068946
27.0,-24.0,2.0157962155640425
27.0,-21.0,2.5380540674488525
27.0,-18.0,1.670398194217461
27.0,-15.0,1.925929604499365
27.0,-12.0,1.3683964616330047
27.0,-9.0,0.9462986025078425
27.0,-6.0,0.6377201950951564
27.0,-3.0,0.3727394927277856
27.0,3.0,0.51354979524027
27.0,6.0,1.0752710024467014
27.0,9.0,1.7992426766197782
27.0,12.0,2.554793943881895
27.0,15.0,4.034569204517882
27.0,18.0,4.050656061655528
27.0,21.0,3.383578864380158
27.0,24.0,3.197101318321302
27.0,27.0,1.823715963939696
27.0,30.0,2.3749588779154798
27.0,39.0,2.1325716220951203
27.0,42.0,1.5681463444410593
27.0,45.0,1.2782861433723836
27.0,48.0,0.8570951762581349
27.0,51.0,1.4527518004512752
27.0,54.0,1.8485781939196446
27.0,57.0,1.2114398592608435
27.0,63.0,0.96949949239737
27.0,66.0,0.8675381895261803
27.0,69.0,1.242652281389154
30.0,-90.0,3.7430053565234993
30.0,-87.0,5.818117757397112
30.0,-84.0,6.561865413743148
30.0,-81.0,6.651203008004921
30.0,-78.0,3.6828102159316387
30.0,-75.0,6.19750736694986
30.0,-72.0,10.093825737594853
30.0,-30.0,0.49537096096166316
30.0,-27.0,1.3095286372394401
30.0,-24.0,0.9768598499068105
30.0,-21.0,2.0142663499553435
30.0,-18.0,1.4690657716779396
30.0,-15.0,1.5209959333850562
30.0,-12.0,1.722078398426862
30.0,-9.0,0.8145286459022519
30.0,-6.0,0.463732733339147
30.0,-3.0,0.7026766066786415
30.0,3.0,0.5769814853892808
30.0,6.0,0.9486491718487747
30.0,9.0,1.7489388384710558
30.0,12.0,2.4437915404289705
30.0,15.0,3.8042798782361076
30.0,18.0,3.6412860661801907
30.0,21.0,4.305424565043792
30.0,24.0,4.15946758328642
30.0,27.0,3.195388879181218
30.0,30.0,2.445312319972858
30.0,39.0,0.9579422080167168
30.0,48.0,1.040313902603714
30.0,51.0,1.6153314182385532
30.0,54.0,1.567406163776922
30.0,57.0,1.245727529337723
30.0,60.0,1.8959764292895833
30.0,63.0,0.9403310019869023
30.0,66.0,0.9307358552488475
30.0,69.0,0.9169255950185661
33.0,-90.0,3.7430053565234993
33.0,-87.0,5.815408429119593
33.0,-84.0,6.614677244313778
33.0,-81.0,6.245091340119703
33.0,-78.0,3.19544992240208
33.0,-75.0,6.6508738604405515
33.0,-72.0,10.495709625430566
33.0,-69.0,6.78499526459571
33.0,-24.0,1.4261477700064245
33.0,-21.0,1.5755943232886376
33.0,-18.0,0.9409460741855861
33.0,-15.0,1.9159856018099883
33.0,-12.0,2.0265134444220827
33.0,-9.0,1.4206498927491598
33.0,-6.0,2.0491902581659267
33.0,-3.0,1.2806530727637202
33.0,3.0,0.830906192135488
33.0,6.0,1.598217381170538
33.0,9.0,1.6871169417621807
33.0,12.0,2.5772667746214193
33.0,15.0,2.87660134471887
33.0,18.0,3.7300888427025782
33.0,21.0,3.968086180699686
33.0,24.0,3.4549066573204468
33.0,27.0,2.5321736749427535
33.0,30.0,1.59164207619118
33.0,39.0,1.436026687465412
33.0,48.0,1.2910438843903198
33.0,51.0,1.5674419372017538
33.0,54.0,1.376986360235419
33.0,57.0,1.2614217841673543
33.0,60.0,1.1030381825377618
33.0,63.0,0.8697286562079688
33.0,66.0,0.8937665957869981
33.0,69.0,1.0826216488228286
36.0,-90.0,3.7430053565234993
36.0,-87.0,5.769160318254513
36.0,-84.0,6.628461242855969
36.0,-81.0,5.714517412228209
36.0,-78.0,2.799134451775751
36.0,-75.0,6.697889290881251
36.0,-72.0,12.44749146192784
36.0,-18.0,1.4093195924363513
36.0,-15.0,1.4642544672419515
36.0,-12.0,1.2793889392680553
36.0,-9.0,0.5803600340180736
36.0,-6.0,2.79811170157404
36.0,-3.0,1.2761274989399232
36.0,3.0,4.5826333091357085
36.0,6.0,0.427060708588858
36.0,9.0,0.2739833030757201
36.0,12.0,0.8959314787890644
36.0,15.0,2.842915826625402
36.0,18.0,3.42265486443992
36.0,21.0,2.484603712726025
36.0,27.0,2.353721900750429
36.0,30.0,1.6661724241057625
36.0,33.0,1.6039475917119324
36.0,36.0,1.3187755293900658
36.0,39.0,1.0375239098947695
36.0,48.0,1.4980630591042932
36.0,51.0,1.5215606559464634
36.0,54.0,1.6358671990392943
36.0,57.0,1.16678552503367
36.0,60.0,0.9971301730444814
36.0,63.0,0.8536700340384455
36.0,69.0,1.9946994463423804
39.0,-90.0,3.7430053565234993
39.0,-87.0,5.679288597714534
39.0,-84.0,6.433922289473542
39.0,-81.0,5.062705384952651
39.0,-78.0,2.0299870084613234
39.0,-75.0,6.145778326610311
39.0,-72.0,10.446500613598117
39.0,-15.0,1.2067608402882148
39.0,-12.0,2.169835227415627
39.0,-9.0,1.5854376064171882
39.0,-3.0,2.9209369208004516
39.0,3.0,3.1146205228034223
39.0,6.0,0.7565088049075577
39.0,9.0,1.398310890845667
39.0,12.0,0.5931503487505492
39.0,15.0,1.1850379433412126
39.0,24.0,0.7120394491235813
39.0,27.0,1.21456399666245
39.0,30.0,1.8039639234695564
39.0,33.0,2.032117204836297
39.0,36.0,2.553294092905846
39.0,39.0,0.8133548671832758
39.0,45.0,1.4798259473945832
39.0,48.0,1.5138116701871762
39.0,51.0,1.4704007705661997
39.0,54.0,1.4484228578526526
39.0,57.0,1.1139811200458867
39.0,60.0,1.0614488643334092
39.0,63.0,0.8631610953357652
42.0,-90.0,3.7430053565234993
42.0,-87.0,5.490147669219149
42.0,-84.0,5.951907564428711
42.0,-81.0,4.574340922435474
42.0,-78.0,1.2829876929579613
42.0,-75.0,5.357312007382902
42.0,-72.0,10.158034780079914
42.0,-69.0,8.783932351447334
42.0,3.0,3.729243007990622
42.0,6.0,3.012695924950338
42.0,9.0,1.05413391328594
42.0,12.0,1.6942123112503527
42.0,18.0,1.4549860104430605
42.0,21.0,2.654412620497811
42.0,24.0,2.194186980044869
42.0,27.0,1.261012146122992
42.0,30.0,1.2374162264922728
42.0,33.0,1.8090958668748651
42.0,36.0,1.6281227195020078
42.0,39.0,0.5613543693905042
42.0,42.0,0.7810293527220732
42.0,45.0,1.2819530402297614
42.0,48.0,1.5038628699091081
42.0,51.0,1.6086124764975411
42.0,54.0,1.4301885665227012
42.0,57.0,1.1117364750345378
42.0,60.0,0.9296459911415534
42.0,63.0,0.8464187125649688
42.0,66.0,1.065180450240943
45.0,-90.0,3.7430053565234993
45.0,-87.0,5.2784963781995025
45.0,-84.0,5.458356800378698
45.0,-81.0,4.0296013672796045
45.0,-78.0,2.35049249555489
45.0,-75.0,5.268005785861496
45.0,-72.0,8.911970181759989
45.0,-69.0,8.906544494639212
45.0,-24.0,1.3019591257252487
45.0,-21.0,1.069786855953353
45.0,-18.0,0.639259463520913
45.0,3.0,4.156058361183708
45.0,6.0,4.360037147530211
45.0,9.0,3.7450750696118305
45.0,15.0,1.0618794248348353
45.0,18.0,1.8687443099271581
45.0,21.0,2.1288852234168054
45.0,24.0,1.8840261335662367
45.0,27.0,1.4086757980658857
45.0,30.0,1.7293060953958734
45.0,33.0,1.856631953708941
45.0,36.0,0.5034814890918441
45.0,39.0,0.6190476441802495
45.0,42.0,0.6446874436521512
45.0,45.0,0.885811772513429
45.0,48.0,1.5361107437398898
45.0,51.0,1.6887001520435037
45.0,54.0,1.5058310664416308
45.0,57.0,0.9716758821264072
45.0,60.0,0.9294977398887623
45.0,63.0,0.9323980422869743
45.0,66.0,0.992109714525727
48.0,-90.0,3.7430053565234993
48.0,-87.0,5.093361605609392
48.0,-84.0,5.298303491187223
48.0,-81.0,3.337213342062043
48.0,-78.0,3.4181871978089977
48.0,-75.0,5.483386762478008
48.0,-72.0,8.113331930445893
48.0,-69.0,7.772342202382138
48.0,-21.0,0.4508898258601424
48.0,-18.0,1.4923688172195384
48.0,-15.0,1.4142194057433157
48.0,6.0,5.916484415285808
48.0,9.0,4.324414415728743
48.0,15.0,2.591015113652645
48.0,18.0,2.2648192237480465
48.0,21.0,2.400955910339014
48.0,24.0,1.4275041395157524
48.0,27.0,1.2546915321741052
48.0,30.0,2.3844896109470355
48.0,33.0,0.5027693698212916
48.0,36.0,1.5365050515099268
48.0,39.0,0.7590855084957715
48.0,42.0,0.40697060522676076
48.0,45.0,1.610165497594749
48.0,48.0,1.5074582455354772
48.0,51.0,1.6125119617447556
48.0,54.0,1.5431351609390056
48.0,57.0,1.1761497160705547
48.0,60.0,0.9286768066420974
48.0,63.0,0.9356650247958513
48.0,66.0,1.0459771982845851
51.0,-90.0,3.7430053565234993
51.0,-87.0,4.929746658374965
51.0,-84.0,5.290354645951278
51.0,-81.0,2.6058254593904153
51.0,-78.0,4.258767230885552
51.0,-75.0,6.343307356254254
51.0,-72.0,6.924379604553074
51.0,-69.0,8.629132833453816
51.0,18.0,2.3015031806398536
51.0,21.0,2.0967242465600475
51.0,24.0,1.7581744846324503
51.0,30.0,0.9389751413151348
51.0,33.0,1.3841621352150788
51.0,36.0,0.7726512582935753
51.0,39.0,2.361981126867264
51.0,42.0,2.0785648704929742
51.0,45.0,1.7014757732099524
51.0,48.0,1.5666549565089103
51.0,51.0,1.5596634722981044
51.0,54.0,1.4745816927526036
51.0,57.0,0.8902793083153976
51.0,60.0,0.9535950618625879
51.0,63.0,0.8751067953146823
51.0,66.0,0.9455193777639526
54.0,-90.0,3.7430053565234993
54.0,-87.0,4.814503376916426
54.0,-84.0,5.322353051890567
54.0,-81.0,1.9774292398685656
54.0,-78.0,5.2041566295136334
54.0,-75.0,8.05023820810055
54.0,-72.0,5.281367986754483
54.0,-69.0,6.80331339590643
54.0,-66.0,8.178436590383901
54.0,18.0,3.488405633889871
54.0,21.0,1.5500287614371608
54.0,24.0,1.787256868023526
54.0,27.0,0.5699358780001746
54.0,30.0,1.3690179579562889
54.0,33.0,1.418632025314107
54.0,36.0,1.1320564469263084
54.0,39.0,2.322971332787754
54.0,42.0,2.0200052767705716
54.0,45.0,2.0243347324554533
54.0,48.0,1.7026660031665577
54.0,51.0,1.8283140197426953
54.0,54.0,1.8458040018213167
54.0,57.0,1.098242676869962
54.0,60.0,1.006705986242991
54.0,63.0,1.0108657426015588
54.0,66.0,1.2152235368600923
54.0,72.0,1.9631299756829652
57.0,-90.0,3.7430053565234993
57.0,-87.0,4.738348943470652
57.0,-84.0,5.3344614365799
57.0,-81.0,1.9298542291252836
57.0,-78.0,6.007811965743176
57.0,-75.0,9.085494634544913
57.0,-72.0,6.849740077871927
57.0,-69.0,8.5673263942923
57.0,21.0,2.037554091496894
57.0,24.0,1.119472541922858
57.0,27.0,1.886205082617643
57.0,30.0,0.8743720425387544
57.0,33.0,1.0652004536943915
57.0,36.0,1.1000803082527801
57.0,39.0,1.2612208712637452
57.0,42.0,1.7891700281848177
57.0,45.0,1.752621955138611
57.0,48.0,1.6744509360260629
57.0,51.0,1.8622381714757221
57.0,54.0,1.2483456390537568
57.0,57.0,1.6225671461764755
57.0,60.0,0.9393645194712691
57.0,63.0,0.9634966531372379
57.0,66.0,1.362315524654773
57.0,75.0,2.45112703976503
57.0,81.0,1.582715522375379
60.0,-90.0,3.7430053565234993
60.0,-87.0,4.671372168500515
60.0,-84.0,5.336338041258547
60.0,-81.0,2.241208179759559
60.0,-78.0,6.475718604657243
60.0,-75.0,9.940079465302597
60.0,-72.0,9.135235510110691
60.0,-69.0,9.739016875130462
60.0,27.0,1.2190109220437113
60.0,30.0,1.1450947034279342
60.0,33.0,2.208824665134182
60.0,36.0,1.4730990374804815
60.0,39.0,2.1463865788649383
60.0,42.0,1.2442670650098566
60.0,45.0,1.8350337299129895
60.0,48.0,1.4169944577278795
60.0,51.0,1.5107630733716881
60.0,54.0,1.425406938547937
60.0,57.0,1.2593827102943704
60.0,60.0,1.0975214682117362
60.0,63.0,1.1850260553937537
60.0,66.0,1.8845542150372978
60.0,75.0,2.083947293320621
63.0,-90.0,3.7430053565234993
63.0,-87.0,4.627373229805923
63.0,-84.0,5.344742186488685
63.0,-81.0,2.408342927227716
63.0,-78.0,7.408914871505638
63.0,-75.0,10.127777762780857
63.0,-72.0,10.750316132805176
63.0,-69.0,9.737336406557649
63.0,27.0,1.9349074312807921
63.0,30.0,2.229889489140359
63.0,33.0,0.836545245169448
63.0,36.0,1.6386846637799124
63.0,39.0,2.3605518185404466
63.0,42.0,1.8071439787067722
63.0,45.0,1.7972405596966408
63.0,48.0,1.4033902173977595
63.0,51.0,1.6831854978070642
63.0,54.0,1.4093713399787948
63.0,57.0,1.4292041526525423
63.0,60.0,1.051209802879048
63.0,63.0,0.9358442060858619
63.0,66.0,1.616572099733937
63.0,69.0,2.278201609262606
66.0,-90.0,3.7430053565234993
66.0,-87.0,4.5890004942046945
66.0,-84.0,5.371050419431378
66.0,-81.0,2.416176444233533
66.0,-78.0,7.94348867776029
66.0,-75.0,9.740993834081538
66.0,-72.0,12.868039324772484
66.0,-69.0,10.731723126476211
66.0,27.0,1.2239118339043196
66.0,30.0,1.1479330868689666
66.0,33.0,0.5774410752157811
66.0,36.0,0.7656548351573548
66.0,39.0,1.2015910408002783
66.0,42.0,1.9458569003321013
66.0,45.0,2.1327180467838547
66.0,48.0,1.8721283842540826
66.0,51.0,1.3129186508585653
66.0,54.0,1.5904672161450601
66.0,57.0,1.610843821270751
66.0,60.0,1.0781594285951697
66.0,63.0,0.9889416182655645
66.0,66.0,1.5899372836602526
66.0,69.0,2.546032490926727
69.0,-90.0,3.7430053565234993
69.0,-87.0,4.559194525557984
69.0,-84.0,5.3720791793499
69.0,-81.0,2.3740845061546816
69.0,-78.0,8.168124847064561
69.0,-75.0,8.020519740533059
69.0,-72.0,5.098918900087585
69.0,-69.0,6.680814733419406
69.0,24.0,4.729885138352551
69.0,27.0,2.3073418996282595
69.0,30.0,1.047702780500905
69.0,33.0,0.5617967356761716
69.0,36.0,0.5084372275073039
69.0,39.0,0.3424302060845312
69.0,42.0,0.9317049328690654
69.0,45.0,1.8700002154354844
69.0,48.0,1.2494010710129404
69.0,51.0,1.274216047155074
69.0,54.0,1.5530670199356453
69.0,57.0,1.3841967903629173
69.0,60.0,1.2052478718326831
69.0,63.0,1.0062244480338565
69.0,66.0,1.8908939406463778
69.0,69.0,2.141853330735664
69.0,72.0,2.256178627230804
72.0,-90.0,3.7430053565234993
72.0,-87.0,4.539384630633692
72.0,-84.0,5.341049925963902
72.0,-81.0,2.349610750076849
72.0,-78.0,7.9069215514116555
72.0,-75.0,7.468007866100191
72.0,-72.0,7.441068344944514
72.0,-69.0,6.328562356903974
72.0,24.0,1.7764188893193689
72.0,27.0,2.2888626277127355
72.0,30.0,1.0116494918403893
72.0,33.0,0.721222056133358
72.0,36.0,0.629003802842317
72.0,39.0,0.6178692724101713
72.0,42.0,0.3738697246423521
72.0,45.0,1.8216967691528518
72.0,48.0,1.600215501058879
72.0,51.0,1.4921470330220732
72.0,54.0,1.7050125759885952
72.0,57.0,1.4180635472460545
72.0,60.0,1.0479619879527726
72.0,63.0,1.4749281583832516
72.0,66.0,2.2062219557045073
72.0,69.0,2.380400736082925
72.0,72.0,2.278916930952276
75.0,-90.0,3.7430053565234993
75.0,-87.0,4.4896155616427915
75.0,-84.0,5.372593641067078
75.0,-81.0,1.5105982055478275
75.0,-78.0,8.359584593161149
75.0,-75.0,9.245653026468789
75.0,-72.0,9.046360581591893
75.0,15.0,2.004046360424429
75.0,18.0,2.411828260445649
75.0,21.0,1.5418836709366477
75.0,24.0,1.9440455531027503
75.0,27.0,1.3120775744733026
75.0,30.0,0.8953225195206373
75.0,33.0,0.7328741827195134
75.0,36.0,0.49623798642535827
75.0,39.0,0.9602042273940256
75.0,42.0,0.6325603346929597
75.0,45.0,1.0100864636518436
75.0,48.0,1.1354461615717637
75.0,51.0,1.7874030820865439
75.0,54.0,1.6215872785777676
75.0,57.0,1.0360026468274304
75.0,60.0,1.1062206327536497
75.0,63.0,2.0723983399845065
75.0,66.0,2.5099857747704837
75.0,72.0,2.5067247758530673
78.0,-90.0,3.7430053565234993
78.0,-87.0,4.424849532218016
78.0,-84.0,5.365617013364546
78.0,-81.0,1.7488136825999139
78.0,-78.0,7.564115725448116
78.0,-75.0,8.49912560554783
78.0,-72.0,9.547117360979806
78.0,-69.0,5.7804120302664534
78.0,9.0,2.1532180405432055
78.0,12.0,1.4984618686256317
78.0,15.0,2.5060620885180644
78.0,18.0,1.5869264016355713
78.0,21.0,1.6402009716447281
78.0,24.0,1.301481013390009
78.0,27.0,0.9504381177193527
78.0,30.0,0.6006433752619819
78.0,33.0,0.8877311575942373
78.0,36.0,1.3083714330606717
78.0,39.0,0.873673780676516
78.0,42.0,1.0767649457462414
78.0,45.0,0.7325506152408031
78.0,48.0,1.2443500611281821
78.0,51.0,1.313040027188077
78.0,54.0,1.6985891184903537
78.0,57.0,1.2696809195122543
78.0,60.0,1.0846895336930267
78.0,63.0,1.9911645724709306
78.0,66.0,2.2863799812148264
78.0,69.0,2.362158015160215
81.0,-90.0,3.7430053565234993
81.0,-87.0,4.339026483828133
81.0,-84.0,5.39208204201476
81.0,-81.0,2.605572317917219
81.0,-78.0,6.727982666972931
81.0,-75.0,7.647116496363172
81.0,-72.0,8.995490142725385
81.0,-69.0,10.539452633030356
81.0,18.0,0.8855334524213497
81.0,21.0,1.3137861822349906
81.0,24.0,1.0543493685498295
81.0,27.0,1.3825040182996082
81.0,30.0,0.489328181085541
81.0,33.0,1.670381510082673
81.0,36.0,0.6577592150193926
81.0,39.0,1.4144861368198078
81.0,42.0,0.8809861891518328
81.0,45.0,0.8587589919378115
81.0,48.0,1.4677061518689134
81.0,51.0,1.9792955707473336
81.0,54.0,1.4602606328669365
81.0,57.0,1.1176730350068758
81.0,60.0,1.0666599858051335
81.0,63.0,1.1536709134497187
81.0,66.0,1.6111076974711096
81.0,69.0,2.319754666156779
84.0,-90.0,3.7430053565234993
84.0,-87.0,4.299746106573311
84.0,-84.0,5.5272380716319764
84.0,-81.0,3.2377370336890183
84.0,-78.0,5.872435506149177
84.0,-75.0,7.196614420947156
84.0,-72.0,7.949677698976018
84.0,-69.0,9.722465617631835
84.0,21.0,0.8221785294465312
84.0,24.0,0.7322076836390162
84.0,27.0,1.0450364446281533
84.0,30.0,1.1998690433960266
84.0,33.0,1.6671010604826992
84.0,36.0,2.288237054643923
84.0,39.0,2.081668704990944
84.0,42.0,1.1870720987853935
84.0,45.0,0.8179294807402346
84.0,48.0,1.682039934031258
84.0,51.0,0.9300524252434478
84.0,54.0,1.256189672283408
84.0,57.0,1.470352922215412
84.0,60.0,1.2581015621122038
84.0,63.0,1.0544319696905153
84.0,66.0,2.416181324432691
84.0,69.0,2.41399252954941
84.0,72.0,2.3424482182858943
87.0,-90.0,3.7430053565234993
87.0,-87.0,4.291051798297585
87.0,-84.0,5.709971818043807
87.0,-81.0,3.8193506747794728
87.0,-78.0,4.38180137365229
87.0,-75.0,6.096322031938207
87.0,-72.0,7.724504245701688
87.0,-69.0,9.125484780298267
87.0,24.0,1.2591960407001108
87.0,27.0,0.2655896058320734
87.0,30.0,2.337211150154475
87.0,33.0,1.368682169944128
87.0,36.0,1.9817614547054472
87.0,39.0,2.201087967772286
87.0,42.0,1.2022549071364494
87.0,45.0,0.7182168645118798
87.0,48.0,1.5270504377355751
87.0,51.0,0.3497663419636586
87.0,54.0,1.1845982466664777
87.0,57.0,1.250453368230902
87.0,60.0,1.056455733507933
87.0,63.0,1.0147428543405748
87.0,66.0,1.9481426511878919
87.0,69.0,2.998443602727923
87.0,72.0,2.3882465821462184
90.0,-90.0,3.7430053565234993
90.0,-87.0,4.245874532028668
90.0,-84.0,6.038751061957709
90.0,-81.0,4.185330478462476
90.0,-78.0,3.321360411002322
90.0,-75.0,5.318926587457618
90.0,-72.0,7.390854109550276
90.0,-69.0,10.175266126567523
90.0,24.0,1.439918376768465
90.0,27.0,0.20527975269594823
90.0,30.0,1.624857407322854
90.0,33.0,1.8334474901005908
90.0,36.0,1.646170358167369
90.0,39.0,0.8266098479084807
90.0,42.0,1.3037634541758492
90.0,45.0,1.7690047862714993
90.0,48.0,1.6293036770160743
90.0,51.0,1.505827485332219
90.0,54.0,1.7507739403799356
90.0,57.0,1.1580154251440054
90.0,60.0,1.198119224405019
90.0,63.0,2.1020561916345804
90.0,66.0,1.590019976822963
90.0,69.0,1.3928776343387559
90.0,72.0,2.2929104644606237
90.0,75.0,2.60664078831758
93.0,-90.0,3.7430053565234993
93.0,-87.0,4.268253204764216
93.0,-84.0,6.03014191580639
93.0,-81.0,4.43165728592887
93.0,-78.0,2.070196795405874
93.0,-75.0,3.923612358664855
93.0,-72.0,7.49528703152166
93.0,-69.0,11.205907717328131
93.0,12.0,5.151718690613876
93.0,21.0,0.8354402281780194
93.0,24.0,0.3749049277384728
93.0,27.0,0.5038510965788082
93.0,30.0,0.42739077432514544
93.0,33.0,2.397292691757402
93.0,36.0,1.1926604566679038
93.0,39.0,1.983251906794954
93.0,42.0,2.011071019288246
93.0,45.0,1.7658236081172844
93.0,48.0,0.9936167025864423
93.0,51.0,0.787381751715896
93.0,54.0,0.4955802464417009
93.0,57.0,1.1794296518865537
93.0,60.0,1.4130491971008592
93.0,63.0,2.1022989056281047
93.0,66.0,1.3790761460101917
93.0,69.0,0.6272472776211655
93.0,72.0,2.1325493245882754
93.0,75.0,1.8764252368471588
96.0,-90.0,3.7430053565234993
96.0,-87.0,4.330800415167384
96.0,-84.0,6.023510087583152
96.0,-81.0,4.843844265709808
96.0,-78.0,1.5321528527915522
96.0,-75.0,2.726706174645937
96.0,-72.0,6.667907024009092
96.0,-69.0,10.618744240190283
96.0,-66.0,5.77700389991395
96.0,18.0,0.8858266224950234
96.0,21.0,1.8576002181938425
96.0,24.0,0.7326397355870577
96.0,27.0,0.30622424584235003
96.0,30.0,0.6333579810331941
96.0,33.0,0.9842148031186954
96.0,36.0,0.9571388527451004
96.0,39.0,1.177856246114603
96.0,42.0,2.0410959734500778
96.0,45.0,1.961421686436019
96.0,48.0,0.9438886652125453
96.0,51.0,0.7512483203171892
96.0,54.0,0.7785110507352845
96.0,57.0,0.9540295146686661
96.0,60.0,1.130999099263538
96.0,63.0,1.0016382992215176
96.0,66.0,1.1303509162971894
96.0,69.0,1.1997996442121484
96.0,72.0,1.958750303876885
96.0,75.0,2.0306076847224035
96.0,81.0,2.333021114451061
99.0,-90.0,3.7430053565234993
99.0,-87.0,4.435391107502553
99.0,-84.0,6.186719557042433
99.0,-81.0,5.255981778198305
99.0,-78.0,2.9366611454761613
99.0,-75.0,3.4163645389025437
99.0,-72.0,6.937985833089204
99.0,-69.0,9.207556706437893
99.0,-66.0,5.3110648802130465
99.0,3.0,0.2602920056698767
99.0,9.0,1.5314658890234272
99.0,12.0,0.9853198703484161
99.0,15.0,1.1767421117339998
99.0,18.0,0.7459319630348303
99.0,21.0,0.4120603740542197
99.0,24.0,0.6352249244963047
99.0,27.0,0.7090723521807067
99.0,30.0,0.6005660741073893
99.0,33.0,1.1072090881797358
99.0,36.0,0.9105153177889326
99.0,39.0,0.894323138682999
99.0,42.0,2.713848827268858
99.0,45.0,2.0483483363303736
99.0,48.0,1.6801959546750211
99.0,51.0,1.5707290845927588
99.0,54.0,0.9567148091834716
99.0,57.0,0.9708503961448051
99.0,60.0,1.2223626326027761
99.0,63.0,0.8272493583709141
99.0,66.0,1.6214807753254314
99.0,69.0,2.0167500819141466
99.0,72.0,1.9278000662433314
99.0,75.0,2.098528119722802
102.0,-90.0,3.7430053565234993
102.0,-87.0,4.570009808761603
102.0,-84.0,6.493804971916295
102.0,-81.0,5.478989695764089
102.0,-78.0,3.794349265972478
102.0,-75.0,4.234146859676354
102.0,-72.0,7.1006831264491055
102.0,-69.0,10.102110359135212
102.0,-66.0,7.8909073398630625
102.0,-3.0,0.32256363235494295
102.0,3.0,0.5503954225500652
102.0,6.0,0.49779793516641035
102.0,15.0,1.8185680854238646
102.0,18.0,0.7493835287888534
102.0,21.0,0.69135760530231
102.0,24.0,0.8537859544437434
102.0,27.0,0.49729416841479984
102.0,30.0,0.5969691724362003
102.0,33.0,0.8208218884915303
102.0,36.0,0.5314122413820063
102.0,39.0,1.1231760545377094
102.0,42.0,1.1459271670158515
102.0,45.0,1.8454366190872882
102.0,48.0,1.566245424419302
102.0,51.0,0.9653503316638742
102.0,54.0,0.5329563926248905
102.0,57.0,1.0722831820910421
102.0,60.0,1.2571392091689113
102.0,63.0,0.9283147466596486
102.0,66.0,1.529094792334007
102.0,69.0,0.8853301005637096
102.0,72.0,1.9471538906584058
102.0,75.0,1.6770095652735655
105.0,-90.0,3.7430053565234993
105.0,-87.0,4.73693321233299
105.0,-84.0,6.865970508209564
105.0,-81.0,6.208611908220114
105.0,-78.0,3.8157246835555214
105.0,-75.0,4.813748781938539
105.0,-72.0,6.227007065481115
105.0,-69.0,8.490514324606435
105.0,-3.0,1.1595913520043435
105.0,9.0,2.28801970849414
105.0,12.0,1.581750739783132
105.0,15.0,1.7694612938695897
105.0,18.0,1.0447272577409603
105.0,21.0,0.4692927026129145
105.0,24.0,1.1679561888374337
105.0,27.0,0.4739267844447745
105.0,30.0,1.0716933820660823
105.0,33.0,0.2766636521578712
105.0,36.0,1.0419214992867933
105.0,39.0,1.4020389535090751
105.0,42.0,1.4590375260497448
105.0,45.0,1.4772497182782622
105.0,48.0,0.7728528033695329
105.0,51.0,1.5904546217319562
105.0,54.0,0.7793950000345045
105.0,57.0,1.2336008149949969
105.0,60.0,1.192634695813771
105.0,63.0,1.0245914575171462
105.0,66.0,0.7732096631147383
105.0,69.0,0.6394517094298503
105.0,72.0,2.760646238575814
105.0,75.0,1.3947746922059812
108.0,-90.0,3.7430053565234993
108.0,-87.0,4.979043381069459
108.0,-84.0,6.882112040834051
108.0,-81.0,6.641042431870467
108.0,-78.0,4.514996526695216
108.0,-75.0,4.998739743854995
108.0,-72.0,5.924917019592705
108.0,-69.0,9.113963835055982
108.0,-3.0,2.664271420614907
108.0,12.0,0.9238314225953923
108.0,15.0,1.0949935864451406
108.0,24.0,1.0843408306741296
108.0,27.0,1.1418761457937014
108.0,30.0,0.6409227259421054
108.0,33.0,0.4636128389771404
108.0,36.0,0.6884946759826418
108.0,39.0,1.3216863737785733
108.0,42.0,3.1178743122830475
108.0,45.0,1.5528926951969177
108.0,48.0,1.7557029882362674
108.0,51.0,0.8833719318278375
108.0,54.0,2.0908233788267334
108.0,57.0,0.8723940100399767
108.0,60.0,1.0373769130618207
108.0,63.0,0.8532189576896295
108.0,66.0,0.6895717921443706
108.0,69.0,1.2927497116478113
108.0,72.0,2.5337016336297937
108.0,75.0,1.6929223627233416
111.0,-90.0,3.7430053565234993
111.0,-87.0,5.242673209696321
111.0,-84.0,6.976871497770002
111.0,-81.0,6.398834162872702
111.0,-78.0,5.035445667998714
111.0,-75.0,4.750486488956598
111.0,-72.0,6.140797035145302
111.0,-69.0,9.29891592836337
111.0,-3.0,2.427702450588075
111.0,24.0,1.0147821802003236
111.0,27.0,0.9853139404611101
111.0,30.0,0.46568377710815784
111.0,33.0,0.5061321617426456
111.0,36.0,0.6672365092196842
111.0,39.0,1.0319290798768224
111.0,42.0,2.6870673431385446
111.0,45.0,1.4409776283625888
111.0,48.0,1.9777645827768282
111.0,51.0,1.3501838672546551
111.0,54.0,0.6749140042558497
111.0,57.0,1.0809306766905207
111.0,60.0,1.26287916646759
111.0,63.0,1.0111999430463647
111.0,66.0,0.9839364309015934
111.0,69.0,1.6435263343978894
111.0,72.0,1.8905767213312075
111.0,75.0,2.4264179554660656
114.0,-90.0,3.7430053565234993
114.0,-87.0,5.4633946142201815
114.0,-84.0,7.204775906955878
114.0,-81.0,6.62761605508674
114.0,-78.0,5.251702517143001
114.0,-75.0,4.09629346904691
114.0,-72.0,6.199712620433831
114.0,-69.0,9.163751949198925
114.0,-27.0,3.5376786879420887
114.0,-24.0,3.6354386512780734
114.0,-3.0,0.9662073627888376
114.0,3.0,0.18949806573991593
114.0,24.0,0.8984474181259424
114.0,27.0,0.6255561248949767
114.0,30.0,1.0795952286669435
114.0,33.0,0.7133575929155208
114.0,36.0,0.601178538349975
114.0,39.0,0.7472857458581011
114.0,42.0,2.6687666042224314
114.0,45.0,1.7608414715355096
114.0,48.0,2.2351551011612134
114.0,51.0,1.8145439802527308
114.0,54.0,0.9758054638848761
114.0,57.0,0.8708837420539016
114.0,60.0,1.2674085456718116
114.0,63.0,1.0865460658543442
114.0,66.0,0.9280761210337966
114.0,69.0,1.0229667316197713
114.0,72.0,2.151353554155286
117.0,-90.0,3.7430053565234993
117.0,-87.0,5.671749009629024
117.0,-84.0,7.534114089614206
117.0,-81.0,7.316409155191876
117.0,-78.0,5.3117127234382435
117.0,-75.0,3.284031954227944
117.0,-72.0,6.361821466999227
117.0,-69.0,8.757779008803498
117.0,-33.0,1.9995759576888228
117.0,-30.0,1.766384807220825
117.0,-27.0,2.0969934330654274
117.0,-24.0,2.188318798302073
117.0,-21.0,1.8872609448413151
117.0,-9.0,2.9630208109897276
117.0,3.0,0.2368487952959525
117.0,6.0,0.28391732580044476
117.0,24.0,0.9193451048590195
117.0,27.0,0.41261923208265494
117.0,30.0,1.0875886234563383
117.0,33.0,0.9506001615624143
117.0,36.0,0.6968545335357117
117.0,39.0,0.8072357680304707
117.0,42.0,1.5216697147497324
117.0,45.0,2.1573248428428364
117.0,48.0,1.899848527131024
117.0,51.0,1.171182914209493
117.0,54.0,0.4730729163791192
117.0,57.0,0.39551042347699433
117.0,60.0,1.0669263440157393
117.0,63.0,0.9792633477194408
117.0,66.0,0.7662872634748461
117.0,69.0,0.6975579573866085
117.0,72.0,2.065871980440749
120.0,-90.0,3.7430053565234993
120.0,-87.0,5.881494382980688
120.0,-84.0,7.691148215844959
120.0,-81.0,7.729476321747353
120.0,-78.0,5.454151056531901
120.0,-75.0,2.799997504144438
120.0,-72.0,6.274451121177271
120.0,-69.0,8.99257406386626
120.0,-33.0,1.8682154115133323
120.0,-30.0,1.9766728044103423
120.0,-27.0,2.0439430253838062
120.0,-24.0,2.357324878028873
120.0,-21.0,1.9989150445755959
120.0,-3.0,0.3922638241763408
120.0,27.0,1.1663718736639648
120.0,30.0,0.6759500565136888
120.0,33.0,1.0523110742310664
120.0,36.0,1.2563081936204852
120.0,42.0,1.6186486687712238
120.0,45.0,1.9925968676352586
120.0,48.0,1.4413963757411725
120.0,51.0,0.5855807430825075
120.0,54.0,0.8963078354180558
120.0,57.0,1.036705789565876
120.0,60.0,1.069090724713944
120.0,63.0,1.0008491344712376
120.0,66.0,0.6277189016762272
120.0,69.0,0.7116736878240975
120.0,72.0,2.0320710798774773
123.0,-90.0,3.7430053565234993
123.0,-87.0,6.092527583088727
123.0,-84.0,7.790124484214765
123.0,-81.0,7.7445169589130325
123.0,-78.0,5.451998179001314
123.0,-75.0,2.6237909221359175
123.0,-72.0,6.0789680427220345
123.0,-69.0,9.470461666640249
123.0,-33.0,1.4721593974571388
123.0,-30.0,1.9734227118849716
123.0,-27.0,2.2426736409897505
123.0,-24.0,2.7291118101250316
123.0,-21.0,2.053824754144108
123.0,-18.0,2.68335176467786
123.0,42.0,1.4188294151566831
123.0,45.0,1.2773359984025632
123.0,48.0,1.291340289578881
123.0,51.0,1.2046029510459533
123.0,54.0,0.8990426089929021
123.0,57.0,0.6861730973356618
123.0,60.0,1.05170535420984
123.0,63.0,0.959118176670561
123.0,66.0,0.5352408624987098
123.0,69.0,0.5637437780463409
123.0,72.0,1.8247605144580008
126.0,-90.0,3.7430053565234993
126.0,-87.0,6.277485211952676
126.0,-84.0,7.611669183437918
126.0,-81.0,7.421105837039298
126.0,-78.0,5.994157076080412
126.0,-75.0,3.7252759761287955
126.0,-72.0,5.266957176590007
126.0,-69.0,8.771575555216222
126.0,-30.0,2.6915979049072987
126.0,-27.0,2.548140632320837
126.0,-24.0,2.829401240153212
126.0,-21.0,2.571083667851247
126.0,-18.0,2.171121588301687
126.0,-15.0,1.3965184116051261
126.0,-9.0,0.8285781801934841
126.0,9.0,0.5898683461634032
126.0,39.0,0.6996604724163281
126.0,42.0,0.8476109799876311
126.0,45.0,1.6930916473058912
126.0,48.0,1.1229658830166236
126.0,51.0,0.9896644276079029
126.0,54.0,1.2849337527558615
126.0,57.0,0.4338198939383992
126.0,60.0,0.9794343494067553
126.0,63.0,0.749695773509794
126.0,66.0,0.7749482060391736
126.0,69.0,0.8508441560073088
126.0,72.0,2.0985092514117194
129.0,-90.0,3.7430053565234993
129.0,-87.0,6.410951477023147
129.0,-84.0,7.571373427484235
129.0,-81.0,7.76689242416609
129.0,-78.0,7.152366454483239
129.0,-75.0,4.963219435274057
129.0,-72.0,4.925273709410775
129.0,-69.0,9.084604009321895
129.0,-30.0,2.666539164062002
129.0,-27.0,1.744192093887533
129.0,-24.0,2.5343530173448
129.0,-21.0,2.787873563072972
129.0,-18.0,3.2295084204036506
129.0,-3.0,0.6922220426338636
129.0,36.0,1.1448138459162187
129.0,42.0,1.1410066759656774
129.0,45.0,1.1464333744847373
129.0,48.0,0.9048345226372575
129.0,51.0,0.8648440566668092
129.0,54.0,0.5521829942282233
129.0,57.0,0.6048340297085991
129.0,60.0,0.9164330287170332
129.0,63.0,0.6459133969409543
129.0,66.0,0.8266959395947989
129.0,69.0,1.4013761778758027
132.0,-90.0,3.7430053565234993
132.0,-87.0,6.50506878289346
132.0,-84.0,7.747403343474592
132.0,-81.0,8.076225401142098
132.0,-78.0,7.400015624119113
132.0,-75.0,5.235001110179222
132.0,-72.0,5.35660390267046
132.0,-69.0,9.784122689965573
132.0,-30.0,2.056844522025281
132.0,-27.0,1.7426665028668227
132.0,-24.0,2.6826472096157747
132.0,-21.0,3.436901788355008
132.0,-18.0,3.472210411561694
132.0,-15.0,1.6567631420673272
132.0,45.0,1.5950687661640364
132.0,48.0,1.1738894238401605
132.0,51.0,0.7984919583064265
132.0,54.0,0.8897220499381521
132.0,57.0,0.3987311099238488
132.0,60.0,0.7699413208753442
132.0,63.0,0.4508418592201778
132.0,66.0,0.5851084219558328
132.0,69.0,1.3004118512877854
135.0,-90.0,3.7430053565234993
135.0,-87.0,6.575472079326122
135.0,-84.0,7.78523193152152
135.0,-81.0,8.196496804172693
135.0,-78.0,6.916577391739679
135.0,-75.0,5.648008393120535
135.0,-72.0,5.951501838448426
135.0,-69.0,7.038818322462489
135.0,-33.0,1.5148131723671205
135.0,-30.0,1.6656723663338564
135.0,-27.0,1.846495288978792
135.0,-24.0,2.290063648523223
135.0,-21.0,3.533807238564018
135.0,-18.0,2.611521385818423
135.0,-15.0,1.7464453907136794
135.0,45.0,1.4060358603325938
135.0,48.0,1.155438251534523
135.0,51.0,0.8688150908550073
135.0,54.0,1.1259088259795975
135.0,57.0,0.5877606963768821
135.0,60.0,0.5488860058049012
135.0,63.0,0.41031726151289555
135.0,66.0,0.5149284218770317
135.0,69.0,0.9092687658468929
138.0,-90.0,3.7430053565234993
138.0,-87.0,6.5763501256035894
138.0,-84.0,7.62060596607589
138.0,-81.0,8.151127082889401
138.0,-78.0,6.524927037007182
138.0,-75.0,6.075929631858656
138.0,-72.0,6.4701677722832365
138.0,-69.0,7.760278719830957
138.0,-33.0,1.815014770152955
138.0,-30.0,1.6213672855918517
138.0,-27.0,1.9600679190214343
138.0,-24.0,2.72269275517749
138.0,-21.0,2.676423912888932
138.0,-18.0,2.4509505618207763
138.0,-3.0,0.28002576509179605
138.0,36.0,0.721800270848174
138.0,48.0,1.2104781802455706
138.0,51.0,0.8187860637665437
138.0,57.0,1.9825419797014725
138.0,60.0,0.8591800451299463
138.0,63.0,0.5231940674120862
138.0,66.0,1.156845787440218
138.0,69.0,1.0000103779934848
138.0,75.0,2.171864092726679
141.0,-90.0,3.7430053565234993
141.0,-87.0,6.6500943964605375
141.0,-84.0,7.585876999855702
141.0,-81.0,7.995834027145009
141.0,-78.0,6.357309257680367
141.0,-75.0,6.324154430271636
141.0,-72.0,7.309362915217779
141.0,-69.0,11.471312284537978
141.0,-36.0,1.8323185542214746
141.0,-33.0,1.8470842659590572
141.0,-30.0,1.767863370505293
141.0,-27.0,1.6649997130055108
141.0,-24.0,1.8850995981387417
141.0,-21.0,2.8864455044979986
141.0,-18.0,1.8427550513381163
141.0,-9.0,3.8357978647754045
141.0,-6.0,0.7761105914946181
141.0,-3.0,0.24305160829060468
141.0,39.0,1.1804416974275587
141.0,60.0,1.0452733658392988
141.0,63.0,1.2743031440847328
141.0,66.0,0.7895676816871041
141.0,69.0,0.8125543847239617
141.0,72.0,1.3147976278186884
141.0,75.0,2.042887926513298
144.0,-90.0,3.7430053565234993
144.0,-87.0,6.816370570380968
144.0,-84.0,7.551716164941649
144.0,-81.0,8.002557167910945
144.0,-78.0,6.311817462583488
144.0,-75.0,6.2373650347136484
144.0,-72.0,7.776744753155593
144.0,-69.0,13.14294058641601
144.0,-36.0,1.4185506570567326
144.0,-33.0,1.15495188752036
144.0,-30.0,1.0879936915447694
144.0,-27.0,1.4507973975302615
144.0,-24.0,1.8475202360255398
144.0,-21.0,2.7129732383866982
144.0,-18.0,2.469674395873348
144.0,-15.0,2.238402166710055
144.0,-6.0,0.3825792102152763
144.0,60.0,1.0221194699674698
144.0,63.0,0.5512273310134383
144.0,66.0,0.5538550472410416
144.0,69.0,0.6688608115769085
144.0,72.0,1.3664511169196822
147.0,-90.0,3.7430053565234993
147.0,-87.0,6.9349070213244834
147.0,-84.0,7.274786801992355
147.0,-81.0,8.148004187613592
147.0,-78.0,6.552631593156896
147.0,-75.0,6.179571316049191
147.0,-72.0,7.886458138487138
147.0,-69.0,11.098797594913846
147.0,-42.0,1.4185711286327167
147.0,-36.0,0.48587560848972583
147.0,-33.0,0.5597725566474784
147.0,-30.0,0.9753403316750734
147.0,-27.0,1.0247809483223678
147.0,-24.0,1.596392656047579
147.0,-21.0,2.1216484819405004
147.0,-9.0,0.7527634731252845
147.0,-6.0,0.33974829426958725
147.0,60.0,1.1415688423691879
147.0,63.0,0.6783301454765
147.0,66.0,0.651645096394169
147.0,69.0,1.0116699592436202
147.0,72.0,1.3275126621727533
150.0,-90.0,3.7430053565234993
150.0,-87.0,7.080324035261472
150.0,-84.0,7.360157211063168
150.0,-81.0,9.052895212115168
150.0,-78.0,7.0686254193990266
150.0,-75.0,6.81607647761529
150.0,-72.0,7.101000019818977
150.0,-69.0,6.923852414946837
150.0,-36.0,0.8040618502047597
150.0,-33.0,0.801389654541672
150.0,-30.0,0.7197455819505246
150.0,-27.0,1.1309691091740952
150.0,-24.0,1.5728692814228677
150.0,-6.0,0.942385929591539
150.0,60.0,2.0046910673550875
150.0,63.0,0.882596970165315
150.0,66.0,0.6263517404154606
150.0,69.0,1.3516902060929927
150.0,72.0,1.38931543248222
150.0,75.0,1.9806393041881432
153.0,-90.0,3.7430053565234993
153.0,-87.0,7.2214286156615755
153.0,-84.0,7.1503857503125845
153.0,-81.0,7.615592313433903
153.0,-78.0,7.2857283769503125
153.0,-75.0,7.842263390724994
153.0,-72.0,6.419940254398732
153.0,-69.0,6.718502499058893
153.0,-30.0,0.7154958385677279
153.0,-27.0,1.055070888045446
153.0,60.0,2.1185774618496493
153.0,63.0,1.1500610142222973
153.0,66.0,0.5195947184929901
153.0,69.0,1.1121751138230196
156.0,-90.0,3.7430053565234993
156.0,-87.0,7.4033169275965784
156.0,-84.0,6.9159142027384695
156.0,-81.0,1.6686611402701612
156.0,-78.0,6.265400405591151
156.0,-75.0,8.28475357866261
156.0,-72.0,5.318954114259709
156.0,54.0,1.1133292544750601
156.0,63.0,1.1672966726460507
156.0,66.0,0.6670834939032965
156.0,69.0,1.0659145916514503
159.0,-90.0,3.7430053565234993
159.0,-87.0,7.589182919733232
159.0,-84.0,4.056546863809493
159.0,-81.0,2.1585815599025846
159.0,-78.0,5.008866320699879
159.0,-75.0,9.086870904485941
159.0,-72.0,5.2634351975375715
159.0,54.0,1.004607586963163
159.0,57.0,1.3624813821132193
159.0,63.0,1.3631621022648899
159.0,66.0,0.5710331721776635
159.0,69.0,1.2789763376433714
162.0,-90.0,3.7430053565234993
162.0,-87.0,7.709967626567715
162.0,-84.0,3.651194538160928
162.0,-81.0,1.3407800219333772
162.0,-78.0,1.4290046422055542
162.0,-75.0,7.110219152255056
162.0,-72.0,4.898651395506682
162.0,57.0,1.3253983092201949
162.0,60.0,1.4238272833378296
162.0,63.0,2.2055560218711405
162.0,66.0,0.8284820007114742
162.0,69.0,0.8861338270643929
165.0,-90.0,3.7430053565234993
165.0,-87.0,7.793155356389573
165.0,-84.0,2.2339763642645707
165.0,-81.0,1.80936828555234
165.0,-78.0,1.2101249048426814
165.0,-72.0,2.8775931489437006
165.0,-21.0,1.2588365868892193
165.0,60.0,2.640089315728308
165.0,63.0,1.385276259565362
165.0,66.0,1.0722303411226008
165.0,69.0,0.8932063584918747
168.0,-90.0,3.7430053565234993
168.0,-87.0,7.876445004610143
168.0,-84.0,1.1155896266016014
168.0,-81.0,2.0889335249721914
168.0,-78.0,1.855516771195692
168.0,-72.0,0.7276179343400453
168.0,-45.0,0.8005836756912762
168.0,63.0,1.794024583102665
168.0,66.0,1.1902213718879102
168.0,69.0,0.9542043305176068
171.0,-90.0,3.7430053565234993
171.0,-87.0,8.03599029809064
171.0,-84.0,1.6422357854762952
171.0,-81.0,2.7263607386357296
171.0,-78.0,3.941384484214391
171.0,-45.0,1.3475223802834853
171.0,63.0,0.7506523066840933
171.0,66.0,1.2235655009085284
171.0,69.0,0.8518522255736164
174.0,-90.0,3.7430053565234993
174.0,-87.0,8.163828240373133
174.0,-84.0,1.4458402363177154
174.0,-81.0,2.890272201382901
174.0,-78.0,4.091985188206103
174.0,-42.0,0.9502167005844817
174.0,-36.0,1.9721152477181878
174.0,63.0,1.105398556204042
174.0,66.0,2.3867700088198878
174.0,69.0,0.8855903272579276
177.0,-90.0,3.7430053565234993
177.0,-87.0,8.192538522565075
177.0,-84.0,0.7692619251327489
177.0,-81.0,3.1524907595172915
177.0,-78.0,4.062165311735805
177.0,-39.0,1.1913219681739096
177.0,63.0,1.4263895771619228
177.0,66.0,1.5144396424103583
177.0,69.0,1.1978167489787805
180.0,-90.0,3.7430053565234993
180.0,-87.0,7.9845169181448234
180.0,-84.0,1.1616680002189528
180.0,-81.0,3.1906516985654
180.0,-78.0,4.234785939569494
180.0,66.0,1.6528418916666794
183.0,-90.0,3.7430053565234993
183.0,-87.0,7.801618442721846
183.0,-84.0,2.340921770345871
183.0,-81.0,3.044830404320154
183.0,66.0,2.898929322855812
186.0,-90.0,3.7430053565234993
186.0,-87.0,7.8300203948430225
186.0,-84.0,3.7584417685640066
186.0,-81.0,2.8236676809030694
186.0,66.0,2.275163344677655
189.0,-90.0,3.7430053565234993
189.0,-87.0,8.040420450280937
189.0,-84.0,5.535806468328512
189.0,-81.0,2.567586984510387
189.0,66.0,1.8759838572563476
192.0,-90.0,3.7430053565234993
192.0,-87.0,8.401847118384895
192.0,-84.0,6.265899203631403
192.0,-81.0,2.280217033993764
195.0,-90.0,3.7430053565234993
195.0,-87.0,9.649921053507443
195.0,-84.0,6.292782389336469
195.0,-81.0,1.8625399699787397
195.0,66.0,0.7086669179026939
198.0,-90.0,3.7430053565234993
198.0,-87.0,10.270111259882905
198.0,-84.0,5.752085321320191
198.0,-81.0,1.545675648325495
198.0,60.0,1.6474513879695163
198.0,63.0,1.0435646745016247
198.0,66.0,0.9078397842300095
198.0,69.0,1.7143072201991891
201.0,-90.0,3.7430053565234993
201.0,-87.0,9.702372455283445
201.0,-84.0,5.434616313935593
201.0,-81.0,1.2763806628754364
201.0,-78.0,2.6758332551149926
201.0,60.0,0.8815353278791863
201.0,63.0,1.0962662866837627
201.0,66.0,0.5600418276552002
201.0,69.0,1.8113862959079006
204.0,-90.0,3.7430053565234993
204.0,-87.0,7.8089038811221165
204.0,-84.0,5.019054262338422
204.0,-81.0,2.0127043646706064
204.0,-78.0,3.411784433800166
204.0,60.0,1.5523140066178611
204.0,63.0,0.5389491408182481
204.0,66.0,0.8856988198068354
204.0,69.0,1.0282158356479851
207.0,-90.0,3.7430053565234993
207.0,-87.0,6.249433796935718
207.0,-84.0,4.546748740377233
207.0,-81.0,2.574940770130087
207.0,-78.0,2.691108823174863
207.0,60.0,1.280444739484753
207.0,63.0,1.0640395263782778
207.0,66.0,0.7136048930939424
207.0,69.0,1.0245996384597422
210.0,-90.0,3.7430053565234993
210.0,-87.0,6.108597159372437
210.0,-84.0,4.303917381962109
210.0,-81.0,3.3745976716636292
210.0,-78.0,3.218387999740681
210.0,60.0,0.8051108469739617
210.0,63.0,0.9374340136682647
210.0,66.0,0.7187577067020444
210.0,69.0,1.1433267872084043
213.0,-90.0,3.7430053565234993
213.0,-87.0,7.437440998971224
213.0,-84.0,4.894954368184551
213.0,-81.0,3.4677358523091737
213.0,-78.0,3.2630192588831517
213.0,63.0,0.9846119356737973
213.0,66.0,0.7953456398225042
213.0,69.0,1.2921317509610228
216.0,-90.0,3.7430053565234993
216.0,-87.0,9.44890183125032
216.0,-84.0,6.274725310160121
216.0,-81.0,2.360170648282676
216.0,-78.0,3.0147465959959
216.0,63.0,0.6948697177868732
216.0,66.0,0.5044173311238304
216.0,69.0,0.7900564615961461
219.0,-90.0,3.7430053565234993
219.0,-87.0,9.786208823579026
219.0,-84.0,6.933176514594401
219.0,-81.0,2.5281254061101937
219.0,-78.0,4.075379485415461
219.0,60.0,1.986427025774151
219.0,63.0,0.6411017943084473
219.0,66.0,1.035801701370754
219.0,69.0,1.0437921602998352
222.0,-90.0,3.7430053565234993
222.0,-87.0,9.523357030117367
222.0,-84.0,7.032857664471771
222.0,-81.0,3.997459972262993
222.0,-78.0,5.273821828385956
222.0,60.0,0.5099174416724653
222.0,63.0,0.5958385862332951
222.0,66.0,0.5898160239724476
222.0,69.0,0.733204258037563
225.0,-90.0,3.7430053565234993
225.0,-87.0,8.753973134325573
225.0,-84.0,7.904927297250794
225.0,-81.0,4.952616436135433
225.0,-78.0,5.761479290011234
225.0,-75.0,3.230933301241874
225.0,57.0,0.9764670978903638
225.0,60.0,0.9027496424517875
225.0,63.0,0.6861066261331116
225.0,66.0,0.5236061628113168
225.0,69.0,1.2303770180997364
228.0,-90.0,3.7430053565234993
228.0,-87.0,8.923486970856873
228.0,-84.0,8.743964461410584
228.0,-81.0,5.141503665141513
228.0,-78.0,5.772527323337433
228.0,-75.0,5.870463611677024
228.0,54.0,2.3015414868589708
228.0,57.0,0.3931139638007153
228.0,60.0,0.923779543790113
228.0,63.0,0.8383916162461645
228.0,66.0,0.39246566788782095
228.0,69.0,0.7908857268703907
231.0,-90.0,3.7430053565234993
231.0,-87.0,9.269342683730033
231.0,-84.0,8.76153476265195
231.0,-81.0,5.968788955789999
231.0,-78.0,5.3813405919465245
231.0,-75.0,6.531473942491282
231.0,54.0,0.47012694160023044
231.0,57.0,0.7068936194479503
231.0,60.0,0.49743893241021125
231.0,63.0,0.9680420549760446
231.0,66.0,0.44587886569525
231.0,69.0,0.7405075679116386
234.0,-90.0,3.7430053565234993
234.0,-87.0,9.29320726405963
234.0,-84.0,8.360739200206678
234.0,-81.0,7.199713861525577
234.0,-78.0,4.5496614277093075
234.0,-75.0,7.32548498582775
234.0,51.0,0.4896018179488935
234.0,54.0,0.8366700912899475
234.0,57.0,0.6722518826682911
234.0,60.0,0.9844106738505336
234.0,63.0,1.0910861270020504
234.0,66.0,0.8876480100161555
234.0,69.0,0.8639700887177845
237.0,-90.0,3.7430053565234993
237.0,-87.0,9.028264505213087
237.0,-84.0,8.651366382384662
237.0,-81.0,7.659208391621384
237.0,-78.0,4.574049219986749
237.0,-75.0,7.869194723669633
237.0,39.0,0.6744529629838126
237.0,42.0,0.6799651227642616
237.0,45.0,0.9074558230385263
237.0,48.0,1.0101046277148436
237.0,51.0,0.6862496166627904
237.0,54.0,0.888840209331419
237.0,57.0,1.1790677237080125
237.0,60.0,0.8103229062772562
237.0,63.0,0.3649044644468347
237.0,66.0,0.9081417897557692
237.0,69.0,1.9714646560037108
237.0,72.0,2.036383250947128
240.0,-90.0,3.7430053565234993
240.0,-87.0,8.591154602099797
240.0,-84.0,9.154341275707491
240.0,-81.0,7.664213041961802
240.0,-78.0,3.9980279277698596
240.0,-75.0,8.621282501056086
240.0,36.0,0.9803806394316283
240.0,39.0,0.709368091645907
240.0,42.0,1.0089452259590632
240.0,45.0,1.0502424235011119
240.0,48.0,0.65901315295817
240.0,51.0,0.35973882459109946
240.0,54.0,0.9906957218867128
240.0,57.0,0.9275500194350905
240.0,60.0,0.6397694878215024
240.0,63.0,0.7221793151233826
240.0,66.0,1.55450878063745
240.0,69.0,1.7741542443700424
243.0,-90.0,3.7430053565234993
243.0,-87.0,8.153338245614213
243.0,-84.0,9.690702700047487
243.0,-81.0,7.677818589227972
243.0,-78.0,3.0766347104190963
243.0,-75.0,7.722412078191805
243.0,33.0,1.0271022416841717
243.0,36.0,0.8093586285775004
243.0,39.0,0.5899579887210424
243.0,42.0,2.2128593502008527
243.0,45.0,0.45968016985727783
243.0,48.0,0.5901766301435148
243.0,51.0,0.5959130496551833
243.0,54.0,0.7708353140106631
243.0,57.0,0.7678398028509456
243.0,60.0,0.7949649474650201
243.0,63.0,0.6248623800222483
243.0,66.0,1.103303893797562
243.0,72.0,1.3068376472449734
246.0,-90.0,3.7430053565234993
246.0,-87.0,7.526878308200838
246.0,-84.0,9.56887647145986
246.0,-81.0,7.6292567103567235
246.0,-78.0,3.4971620797219014
246.0,-75.0,4.121647585956439
246.0,27.0,3.957589140315449
246.0,33.0,1.7163103407580877
246.0,36.0,0.7716487439031031
246.0,39.0,1.229019997791868
246.0,42.0,0.8497093338090754
246.0,45.0,0.5427738666057688
246.0,48.0,0.4628597370894578
246.0,51.0,0.9174165843591613
246.0,54.0,0.9555528517709826
246.0,57.0,0.6706773983423177
246.0,60.0,0.6145207608625667
246.0,63.0,1.2001751483012104
246.0,66.0,1.1394475470890761
246.0,72.0,1.55668061963226
246.0,78.0,2.058934955904507
249.0,-90.0,3.7430053565234993
249.0,-87.0,6.667557451195711
249.0,-84.0,8.59668754345439
249.0,-81.0,6.797192234455192
249.0,-78.0,4.132695763299039
249.0,-75.0,2.3199095753262315
249.0,30.0,0.8573000280300512
249.0,33.0,1.1442709411814047
249.0,36.0,1.2739386921060276
249.0,39.0,1.361404099160272
249.0,42.0,0.45145253391055135
249.0,45.0,0.8444233117985694
249.0,48.0,1.7537230515548137
249.0,51.0,0.9443349526845064
249.0,54.0,1.0569740889273491
249.0,57.0,0.6627947782453364
249.0,60.0,0.6856065290295389
249.0,63.0,1.5675741950213444
249.0,66.0,1.4478809951041864
249.0,69.0,2.034803110319898
249.0,72.0,1.5679072484064214
249.0,75.0,1.6849273099474562
249.0,78.0,1.9543845882291466
252.0,-90.0,3.7430053565234993
252.0,-87.0,5.912738155696245
252.0,-84.0,7.716290433340422
252.0,-81.0,5.786528556529468
252.0,-78.0,5.265194210843282
252.0,27.0,0.3430948782019359
252.0,30.0,1.623591212144671
252.0,33.0,0.9891269471844265
252.0,36.0,2.369523397583525
252.0,39.0,0.4940033258150951
252.0,42.0,2.4300543268312036
252.0,45.0,0.541774611846268
252.0,48.0,1.1219089245047082
252.0,51.0,1.025237763403821
252.0,54.0,0.7334561931174878
252.0,57.0,0.7763373055000494
252.0,60.0,0.8308886129790826
252.0,63.0,1.3662685381106394
252.0,66.0,1.9684203240712568
252.0,69.0,2.2561719197809462
252.0,75.0,2.2091081947600024
255.0,-90.0,3.7430053565234993
255.0,-87.0,5.319822999434153
255.0,-84.0,6.024069928628123
255.0,-81.0,5.251306716595903
255.0,-78.0,5.6687700847191556
255.0,-75.0,8.55042800341102
255.0,21.0,0.26979400640635093
255.0,24.0,1.445637393426341
255.0,27.0,1.597182466496343
255.0,30.0,1.1549157729761697
255.0,33.0,2.131397767756274
255.0,36.0,1.6929633322890834
255.0,39.0,1.1247215919497588
255.0,42.0,2.7063141737430185
255.0,45.0,1.1890827787709848
255.0,48.0,1.2704603201049827
255.0,51.0,0.9917953519798329
255.0,54.0,0.6663580576146265
255.0,57.0,0.905623462390785
255.0,60.0,1.0784342341771789
255.0,63.0,1.4591454920609153
255.0,66.0,1.804196053651042
255.0,72.0,2.2704280759849733
258.0,-90.0,3.7430053565234993
258.0,-87.0,5.09463181106454
258.0,-84.0,4.5727803249484795
258.0,-81.0,4.743479814871149
258.0,-78.0,5.953800664952493
258.0,-72.0,2.310026679488544
258.0,18.0,0.8696620616064852
258.0,21.0,1.3193269849222249
258.0,24.0,2.1521641617027165
258.0,27.0,0.9462173097552152
258.0,30.0,2.6721384263518817
258.0,33.0,1.9967658639900954
258.0,36.0,1.9653605943816326
258.0,39.0,1.142737288835809
258.0,42.0,1.674162299178892
258.0,45.0,1.4747126940578739
258.0,48.0,1.2386223814103319
258.0,51.0,1.059864458133802
258.0,54.0,0.72646140027521
258.0,57.0,1.024744332296832
258.0,60.0,1.2464961951955502
258.0,63.0,1.9399735318826463
258.0,66.0,1.7970019440241523
258.0,69.0,1.981459142436356
261.0,-90.0,3.7430053565234993
261.0,-87.0,5.305769527844926
261.0,-84.0,3.8824575629576317
261.0,-81.0,3.1058164860872286
261.0,-78.0,5.5159130791417885
261.0,-75.0,8.100256462754777
261.0,-72.0,1.8728440528216084
261.0,18.0,0.5424232454589745
261.0,21.0,0.4601988224104623
261.0,24.0,1.4696770618549764
261.0,27.0,3.201302329874629
261.0,30.0,1.4136242720210965
261.0,33.0,1.758415229844057
261.0,36.0,1.5054578807383334
261.0,39.0,1.1061940640982513
261.0,42.0,1.498907358196061
261.0,45.0,1.2031529642721257
261.0,48.0,1.3403522202575517
261.0,51.0,0.9601347093374124
261.0,54.0,0.8688105702097898
261.0,57.0,1.0938831136311609
261.0,60.0,2.3094094820847224
261.0,63.0,2.5327465997788847
261.0,66.0,1.8923026815231194
261.0,69.0,1.8699187872975582
261.0,72.0,1.9441879217443898
261.0,78.0,1.8490199456158607
264.0,-90.0,3.7430053565234993
264.0,-87.0,5.736628096305942
264.0,-84.0,2.9659574116169005
264.0,-81.0,1.8713942502273155
264.0,-78.0,3.9848046104497463
264.0,-75.0,5.529824363878826
264.0,-72.0,2.2161907725652426
264.0,18.0,0.6926821085888992
264.0,30.0,1.2682338501637551
264.0,33.0,1.1582860553444625
264.0,36.0,0.8715927417490152
264.0,39.0,0.9508393178256146
264.0,42.0,1.0055342687662747
264.0,45.0,1.369813700337421
264.0,48.0,0.8065381114745627
264.0,51.0,0.6746502305027501
264.0,54.0,0.8718163461889971
264.0,57.0,0.9168755208027773
264.0,60.0,2.6582434505507604
264.0,63.0,2.177880152848332
264.0,66.0,1.5531989487173041
264.0,69.0,1.8135755601762982
264.0,75.0,1.8968775534658124
264.0,78.0,1.4640348281659439
267.0,-90.0,3.7430053565234993
267.0,-87.0,6.28123064221101
267.0,-84.0,3.9037170270316417
267.0,-81.0,2.506038309255254
267.0,-78.0,3.1141897741019786
267.0,-75.0,6.111043675839906
267.0,18.0,1.216825176404489
267.0,30.0,1.3088772934952788
267.0,33.0,0.5290909940746048
267.0,36.0,0.6571276680950361
267.0,39.0,0.7028474703301478
267.0,42.0,0.9698155933008522
267.0,45.0,0.7477854609560123
267.0,48.0,0.7407597223778796
267.0,51.0,0.8020275712157093
267.0,54.0,0.9052313049958441
267.0,57.0,1.6469800236729888
267.0,63.0,2.2090097147944663
267.0,66.0,1.9588365413025384
267.0,69.0,1.379545405878754
267.0,81.0,1.1358179246759597
270.0,-90.0,3.7430053565234993
270.0,-87.0,6.885159802541586
270.0,-84.0,4.8050059181965254
270.0,-81.0,3.8129452293831734
270.0,-78.0,2.4885111453828856
270.0,-75.0,7.889084885732449
270.0,15.0,0.7763210612782133
270.0,18.0,1.7822517193256457
270.0,21.0,2.1328548880047147
270.0,30.0,1.3138679830001256
270.0,33.0,0.430258247740584
270.0,36.0,0.6411838013756795
270.0,39.0,0.6900465908289105
270.0,42.0,0.7271889732031777
270.0,45.0,0.729823342728582
270.0,48.0,0.9467321826845877
270.0,51.0,0.8879088357537931
270.0,54.0,1.3524080848195992
270.0,57.0,2.6995005446576408
270.0,66.0,1.874933428286971
270.0,72.0,1.729634665717054
270.0,75.0,1.6406282119657558
273.0,-90.0,3.7430053565234993
273.0,-87.0,7.544009952408909
273.0,-84.0,6.174241710791943
273.0,-81.0,5.668815900982533
273.0,-78.0,3.4896412096052836
273.0,-75.0,6.475317392503563
273.0,15.0,0.7628382419260422
273.0,21.0,2.5912765474610033
273.0,33.0,0.4391799086619586
273.0,36.0,0.5670326050693482
273.0,39.0,0.737622899002018
273.0,42.0,1.706466703630322
273.0,45.0,1.542576744735291
273.0,48.0,1.8412492039486088
273.0,51.0,0.8684052511065891
273.0,54.0,0.9354848740725386
273.0,66.0,3.1703808945096448
273.0,72.0,2.0490120138006156
273.0,75.0,1.3591221590088098
276.0,-90.0,3.7430053565234993
276.0,-87.0,7.822112024720121
276.0,-84.0,8.098080394535673
276.0,-81.0,5.746388786816602
276.0,-78.0,1.883668056890401
276.0,-75.0,3.7899646396505795
276.0,12.0,1.4519888603133928
276.0,15.0,1.2848855037450886
276.0,33.0,0.5907841839886793
276.0,36.0,0.582112132694639
276.0,39.0,0.864753580994651
276.0,42.0,1.0752436946515023
276.0,45.0,0.7199113962122761
276.0,48.0,0.6400158753576518
276.0,51.0,0.754367868937825
276.0,54.0,1.0677979552902819
276.0,66.0,2.2078570556635753
276.0,69.0,1.4230956391983451
276.0,72.0,1.2480082013393845
276.0,75.0,2.127339722548479
276.0,78.0,0.7208040974175569
276.0,81.0,1.1758982794476889
279.0,-90.0,3.7430053565234993
279.0,-87.0,7.972965592769633
279.0,-84.0,8.657076688817554
279.0,-81.0,6.6023759359403025
279.0,-78.0,3.0782624498802122
279.0,-75.0,2.600406480091083
279.0,-6.0,4.2273168770911225
279.0,27.0,1.139121973618944
279.0,33.0,0.6888991530913908
279.0,36.0,0.5779321780038238
279.0,39.0,0.769955221729636
279.0,42.0,2.0667260627350634
279.0,45.0,1.5413865001111697
279.0,48.0,0.7376278735930843
279.0,51.0,0.7071859499905565
279.0,72.0,0.7051169677492228
279.0,75.0,2.6901961626405453
279.0,78.0,1.7681841239716347
279.0,81.0,1.3213262245659962
282.0,-90.0,3.7430053565234993
282.0,-87.0,8.093036892224593
282.0,-84.0,8.622995656689719
282.0,-81.0,7.394524226653421
282.0,-78.0,1.5156836388650936
282.0,-75.0,2.3586688558152065
282.0,-9.0,0.19338286521902573
282.0,-6.0,0.4972913694373096
282.0,-3.0,0.1965920935089478
282.0,9.0,1.7684373291605358
282.0,21.0,1.6856147859886847
282.0,36.0,0.7715271439087573
282.0,39.0,0.7497502765974698
282.0,42.0,1.0444132991994637
282.0,45.0,0.7866711059703085
282.0,48.0,0.7250115593544143
282.0,51.0,1.0031500012759285
282.0,54.0,1.4908063955133144
282.0,72.0,0.7182420243291544
282.0,78.0,2.1637440967505905
282.0,81.0,1.2100647668378255
285.0,-90.0,3.7430053565234993
285.0,-87.0,8.264978249346974
285.0,-84.0,7.917253260899397
285.0,-81.0,6.162158627852995
285.0,-78.0,2.7735599056013154
285.0,-75.0,1.883823321916344
285.0,-48.0,2.7598087487607064
285.0,-15.0,1.3946754798903285
285.0,-12.0,0.6516510805595871
285.0,-9.0,0.2594885614065188
285.0,-6.0,0.5967130607971994
285.0,-3.0,0.38322031174645294
285.0,3.0,0.9316048554431724
285.0,6.0,0.3274616481687188
285.0,9.0,0.7104600728515541
285.0,42.0,0.7824023423964223
285.0,45.0,0.796588178015528
285.0,48.0,0.7782345546831598
285.0,51.0,1.1091993238861757
285.0,54.0,1.5506533041621704
285.0,57.0,1.7096513978467425
285.0,60.0,1.7906083152409948
285.0,69.0,2.1606426367816542
285.0,72.0,1.4088737062413506
285.0,81.0,1.9801217991418463
288.0,-90.0,3.7430053565234993
288.0,-87.0,8.434024661121606
288.0,-84.0,6.226570475043119
288.0,-81.0,4.371183875925187
288.0,-78.0,3.8254169224801893
288.0,-75.0,4.5451323124839496
288.0,-72.0,1.9584916933182628
288.0,-69.0,2.8463209586107454
288.0,-54.0,3.807534561037357
288.0,-51.0,1.5298374641344268
288.0,-48.0,2.2395528174301975
288.0,-45.0,1.4138597255117789
288.0,-42.0,0.6500053168854315
288.0,-39.0,1.0110650085239035
288.0,-36.0,1.8166933483037468
288.0,-15.0,0.6780032809590972
288.0,-12.0,0.5306117698100273
288.0,-9.0,0.5806638323331446
288.0,-6.0,0.503594237191561
288.0,-3.0,0.33422515166527744
288.0,3.0,0.6832969926098621
288.0,6.0,0.5320527926410402
288.0,9.0,0.23758366735281358
288.0,12.0,6.304436666538748
288.0,42.0,0.8222553527433019
288.0,45.0,0.8552711024651737
288.0,48.0,0.8098754549844972
288.0,51.0,0.9251438604967257
288.0,54.0,2.014119492003261
288.0,57.0,1.6999324207212831
288.0,60.0,1.8640712521261904
288.0,66.0,1.8496095552516376
288.0,69.0,2.127748864177169
288.0,78.0,2.876267958902442
288.0,81.0,1.7492209605330478
291.0,-90.0,3.7430053565234993
291.0,-87.0,8.411931199524881
291.0,-84.0,5.087088546664636
291.0,-81.0,4.058620414587528
291.0,-78.0,2.543521787080812
291.0,-75.0,5.55429076237067
291.0,-72.0,2.504645712055546
291.0,-54.0,4.4995413814018566
291.0,-48.0,4.795274102050468
291.0,-45.0,3.7201131309220377
291.0,-42.0,2.4698498151387644
291.0,-39.0,1.6424428842682508
291.0,-36.0,1.7646617906776028
291.0,-33.0,0.42441422128948386
291.0,-30.0,0.6866138338233081
291.0,-27.0,1.5106513753088766
291.0,-24.0,1.0129521171375213
291.0,-21.0,0.893883023024079
291.0,-18.0,0.9128531575377944
291.0,-15.0,0.43635350508851706
291.0,-12.0,0.6642991548746137
291.0,-9.0,0.5210199059050079
291.0,-6.0,0.38879819221351486
291.0,-3.0,0.3085737977658517
291.0,3.0,0.2988249904110773
291.0,6.0,1.0565196293469372
291.0,9.0,0.9536949006514052
291.0,45.0,0.7615793514783485
291.0,48.0,0.9835890758861646
291.0,51.0,0.6659408582612724
291.0,54.0,2.1395663345169043
291.0,63.0,1.442062038716247
291.0,66.0,2.318259032863305
291.0,69.0,0.6939401551860436
291.0,78.0,2.9699548487481984
291.0,81.0,0.6717556896884295
294.0,-90.0,3.7430053565234993
294.0,-87.0,8.285166527373558
294.0,-84.0,5.379479222369807
294.0,-81.0,3.226423718060721
294.0,-78.0,2.349551297185973
294.0,-75.0,3.4312356481171093
294.0,-72.0,5.603332700232639
294.0,-69.0,1.4196987666768848
294.0,-42.0,2.852775118972195
294.0,-39.0,1.5966081331433104
294.0,-36.0,1.542358606573994
294.0,-33.0,1.841613079935173
294.0,-30.0,3.4222079630885816
294.0,-27.0,0.3056205435269598
294.0,-24.0,0.917970510750048
294.0,-21.0,1.7581455895346216
294.0,-18.0,0.7561132593925475
294.0,-15.0,0.670449175435138
294.0,-12.0,0.6850477100718155
294.0,-9.0,0.48986547786371576
294.0,-6.0,0.4253458683550165
294.0,-3.0,0.4693133029707155
294.0,3.0,0.12878117307539222
294.0,6.0,0.5608060573327921
294.0,9.0,2.0319499703897184
294.0,18.0,3.2798974480323704
294.0,51.0,0.6769467424186044
294.0,54.0,1.8039938641634536
294.0,57.0,1.2290158257821748
294.0,63.0,1.6276673509065922
294.0,78.0,3.7486464516356452
297.0,-90.0,3.7430053565234993
297.0,-87.0,8.03614507669442
297.0,-84.0,4.523105710663622
297.0,-81.0,2.310766438882889
297.0,-78.0,1.938902918119621
297.0,-75.0,0.9751471044790024
297.0,-72.0,1.9147300810300598
297.0,-69.0,0.5105474221375442
297.0,-66.0,2.0033218943260076
297.0,-39.0,1.5817917228558593
297.0,-36.0,1.009519337893646
297.0,-33.0,1.010898929095873
297.0,-30.0,1.2626762848743542
297.0,-27.0,1.766894826225612
297.0,-24.0,1.2277027952150927
297.0,-21.0,0.6105397399173398
297.0,-18.0,1.9913262418528117
297.0,-15.0,0.7743608180964667
297.0,-12.0,0.6330801767856002
297.0,-9.0,0.4764740142814688
297.0,-6.0,0.4677067662504466
297.0,-3.0,0.6164479985498562
297.0,3.0,0.4257309387572181
297.0,6.0,0.6590073917120889
297.0,9.0,2.2711294913189666
297.0,45.0,0.9367075588119839
297.0,51.0,1.026766109987906
297.0,54.0,2.4680847504089845
297.0,57.0,1.9112288428103452
297.0,66.0,0.8815259987660568
297.0,78.0,5.607095918387064
297.0,81.0,0.6952827088167922
300.0,-90.0,3.7430053565234993
300.0,-87.0,7.721256781442988
300.0,-84.0,5.797619507323901
300.0,-81.0,1.990029722260017
300.0,-78.0,1.7160714517049829
300.0,-75.0,3.294309139615212
300.0,-36.0,0.8052682812848643
300.0,-33.0,0.8727045100283384
300.0,-30.0,1.5298849775000172
300.0,-27.0,1.4380078339588842
300.0,-24.0,1.4335877965631818
300.0,-21.0,1.645632137764954
300.0,-18.0,1.2111924640251108
300.0,-15.0,0.6905013538691399
300.0,-12.0,0.8140418084874191
300.0,-9.0,0.5532235237905978
300.0,-6.0,0.54898649562374
300.0,-3.0,0.9851646373893791
300.0,3.0,1.560641287512223
300.0,6.0,0.5249781093220846
300.0,51.0,1.0254193439609007
300.0,54.0,1.5927409642537576
300.0,78.0,6.473035977580814
300.0,81.0,2.1062476840446385
303.0,-90.0,3.7430053565234993
303.0,-87.0,7.404479748935927
303.0,-84.0,5.7271374590475
303.0,-81.0,2.9597668080429895
303.0,-78.0,1.6480552888957305
303.0,-33.0,1.3024776189200615
303.0,-30.0,1.802558330783735
303.0,-27.0,1.4435417854307564
303.0,-24.0,1.1332871038638768
303.0,-21.0,1.139516697622349
303.0,-18.0,1.040590147740195
303.0,-15.0,0.6572757790911244
303.0,-12.0,0.5989689145908984
303.0,-9.0,0.48415971320809925
303.0,-6.0,0.7387073990959502
303.0,-3.0,1.0630810034400764
303.0,3.0,1.2349793602135033
303.0,48.0,0.9240027156315822
303.0,75.0,4.027089390364213
303.0,78.0,6.367249419220035
303.0,81.0,3.152646875000873
306.0,-90.0,3.7430053565234993
306.0,-87.0,7.2231809958177
306.0,-84.0,5.464196566462412
306.0,-81.0,2.88788483093945
306.0,-78.0,1.6608900838455758
306.0,-33.0,1.0442108347589174
306.0,-30.0,1.5887788534670684
306.0,-27.0,0.6908021069038783
306.0,-24.0,1.1277814592232598
306.0,-21.0,1.0010742127788232
306.0,-18.0,0.8585219394897151
306.0,-15.0,1.010756238218525
306.0,-12.0,0.7142167543541925
306.0,-9.0,0.6664522993157588
306.0,-6.0,0.9991185237746331
306.0,-3.0,1.2109481741257062
306.0,3.0,1.3840272294482847
306.0,48.0,1.4604099945769906
306.0,72.0,0.6133053864220116
306.0,75.0,7.094058615953643
306.0,78.0,6.075422028771755
306.0,81.0,4.79005234500521
309.0,-90.0,3.7430053565234993
309.0,-87.0,7.048288169910538
309.0,-84.0,4.542852303767668
309.0,-81.0,1.3279479196413166
309.0,-78.0,1.8200522850407996
309.0,-30.0,0.9364889268830158
309.0,-27.0,1.0669248772834041
309.0,-24.0,0.8981316206052304
309.0,-21.0,1.0282944055750183
309.0,-18.0,0.9169690055259663
309.0,-15.0,0.7961219592812921
309.0,-12.0,0.7895547701420683
309.0,-9.0,0.5222517345185586
309.0,-6.0,0.7415228948519731
309.0,-3.0,1.306936720861195
309.0,3.0,3.603918606558881
309.0,66.0,0.7038367061103687
309.0,69.0,1.0630123398190412
309.0,72.0,3.5178251885402347
309.0,75.0,6.672080889419289
309.0,78.0,5.730156701052486
309.0,81.0,5.577046922288251
312.0,-90.0,3.7430053565234993
312.0,-87.0,6.905326613100342
312.0,-84.0,6.03571326925011
312.0,-81.0,2.0133073311375145
312.0,-78.0,4.188115150617939
312.0,-24.0,0.5027576528818075
312.0,-21.0,0.8053008455118777
312.0,-18.0,1.073038453805254
312.0,-15.0,1.1172351737633555
312.0,-12.0,1.1026837059413235
312.0,-9.0,0.8469163397535097
312.0,-6.0,1.0449458315863442
312.0,-3.0,1.1444190080298198
312.0,63.0,5.7578169384524065
312.0,66.0,6.0450381693551565
312.0,69.0,6.765631622134811
312.0,72.0,6.597546731532071
312.0,75.0,5.796089712830913
312.0,78.0,5.183621215034367
312.0,81.0,6.3369412780676955
315.0,-90.0,3.7430053565234993
315.0,-87.0,6.611666446783002
315.0,-84.0,8.097116058986076
315.0,-81.0,1.8830289498903667
315.0,-78.0,3.821720829424846
315.0,-21.0,0.8926682477568953
315.0,-18.0,0.788163265196704
315.0,-15.0,1.4037105211494636
315.0,-12.0,0.7793912740842049
315.0,-9.0,1.4549190396605205
315.0,-6.0,1.342240161183721
315.0,-3.0,1.9076457247023992
315.0,63.0,2.6000617245600903
315.0,66.0,4.1155961338334555
315.0,69.0,5.729107168206588
315.0,72.0,5.620820354007029
315.0,75.0,4.986889593091811
315.0,78.0,4.669549437906841
315.0,81.0,7.476827198416358
318.0,-90.0,3.7430053565234993
318.0,-87.0,6.327463151923144
318.0,-84.0,9.433517051514704
318.0,-81.0,2.1394840084623
318.0,-21.0,0.508083681801721
318.0,-18.0,1.2673450410958436
318.0,-15.0,2.0194066465290166
318.0,-12.0,2.578086304603186
318.0,-9.0,3.064306739584795
318.0,-6.0,1.4413653107571436
318.0,-3.0,3.5059016205982427
318.0,63.0,1.4348837821330618
318.0,66.0,4.653051015116367
318.0,69.0,4.452612516348885
318.0,72.0,4.5855558789153
318.0,75.0,4.2588410753625014
318.0,78.0,4.4958463428111255
318.0,81.0,5.661686950868059
321.0,-90.0,3.7430053565234993
321.0,-87.0,6.037218250860239
321.0,-84.0,8.625222502651988
321.0,-81.0,4.941350595540404
321.0,-12.0,2.6444632217154402
321.0,-9.0,4.202780791564635
321.0,-6.0,2.535360973489048
321.0,66.0,4.367870021541922
321.0,69.0,3.0014490550597235
321.0,72.0,2.9223076665975856
321.0,75.0,4.013237738083472
321.0,78.0,4.847890150018205
321.0,81.0,6.3965968890999845
324.0,-90.0,3.7430053565234993
324.0,-87.0,5.991509340891098
324.0,-84.0,8.177743142318272
324.0,-81.0,6.2292401610183985
324.0,-9.0,1.7948695970705237
324.0,-6.0,4.192733519017262
324.0,66.0,3.548626437687789
324.0,69.0,3.52543425398782
324.0,72.0,2.513917493343673
324.0,75.0,4.058264875656664
324.0,78.0,5.43424826041625
324.0,81.0,6.847933080670729
327.0,-90.0,3.7430053565234993
327.0,-87.0,6.069595273223932
327.0,-84.0,7.893046588733694
327.0,-81.0,6.473978881415849
327.0,-78.0,3.3439464935529988
327.0,69.0,4.371403051669934
327.0,72.0,4.477837660136286
327.0,75.0,4.530370433794198
327.0,78.0,6.181064887401415
327.0,81.0,6.696109342560457
330.0,-90.0,3.7430053565234993
330.0,-87.0,6.210430603438411
330.0,-84.0,7.800967477104966
330.0,-81.0,5.463873260592568
330.0,-78.0,4.6810274121739
330.0,69.0,1.2289188734109129
330.0,72.0,6.565100217884408
330.0,75.0,5.707840397516254
330.0,78.0,7.158658989840053
330.0,81.0,6.424105148695833
333.0,-90.0,3.7430053565234993
333.0,-87.0,6.265307243014404
333.0,-84.0,7.538211600803289
333.0,-81.0,4.618694703278932
333.0,-78.0,4.933266805060547
333.0,69.0,2.015492544642811
333.0,72.0,0.28042443938748585
333.0,75.0,7.973321373547708
333.0,78.0,7.062533111382116
333.0,81.0,1.8507277000678497
336.0,-90.0,3.7430053565234993
336.0,-87.0,6.243097867276787
336.0,-84.0,7.783003309431765
336.0,-81.0,4.1570374113508315
336.0,-78.0,5.525800845886505
336.0,-75.0,3.2290842826050663
336.0,72.0,1.3118751895463938
336.0,75.0,6.365014339542815
336.0,78.0,7.581698551761171
336.0,81.0,1.0117879381766224
339.0,-90.0,3.7430053565234993
339.0,-87.0,6.237964231039694
339.0,-84.0,7.918096573061891
339.0,-81.0,5.854672938969071
339.0,-78.0,5.865201893079586
339.0,-75.0,3.1812946323187283
339.0,75.0,1.3590070708864186
339.0,78.0,2.009520385361307
339.0,81.0,1.3413155130816623
342.0,-90.0,3.7430053565234993
342.0,-87.0,6.225609120633752
342.0,-84.0,7.5851629309707596
342.0,-81.0,7.528832772506251
342.0,-78.0,5.460172420955366
342.0,-75.0,5.670631452541611
342.0,66.0,1.295965245599555
342.0,81.0,1.1856329359503255
345.0,-90.0,3.7430053565234993
345.0,-87.0,6.208348377388351
345.0,-84.0,7.169554558631869
345.0,-81.0,5.557702722936317
345.0,-78.0,5.10444329114429
345.0,-75.0,6.655932207359886
345.0,12.0,1.4056670633537722
345.0,15.0,2.0759015891358383
345.0,18.0,3.7490052296470253
345.0,21.0,4.030539076577052
345.0,24.0,4.569234918557293
345.0,66.0,1.7247645712926412
345.0,81.0,4.395682401964168
348.0,-90.0,3.7430053565234993
348.0,-87.0,6.151471559746859
348.0,-84.0,6.869445193357316
348.0,-81.0,5.050463793618095
348.0,-78.0,4.877613693502553
348.0,-75.0,3.571712256818021
348.0,-72.0,4.4071078667728445
348.0,9.0,0.8512597285072508
348.0,12.0,0.48904152837040066
348.0,15.0,2.675960054233839
348.0,18.0,3.3012533786709537
348.0,21.0,2.981358152782912
348.0,24.0,3.5686987408462656
348.0,27.0,4.401266095566302
351.0,-90.0,3.7430053565234993
351.0,-87.0,6.097715323819191
351.0,-84.0,6.552287271810411
351.0,-81.0,4.517931789843035
351.0,-78.0,4.905604186312977
351.0,-75.0,5.573591089968186
351.0,-72.0,5.177488188979269
351.0,6.0,1.0888104951374136
351.0,9.0,0.6429635833677755
351.0,12.0,1.152327298853182
351.0,15.0,2.2373454750658976
351.0,18.0,3.397340754702448
351.0,21.0,2.8544716968585218
351.0,24.0,3.18640677800848
351.0,27.0,3.114416550922549
351.0,30.0,0.8982782530515238
351.0,39.0,2.248999822542717
351.0,54.0,1.5051289822666745
354.0,-90.0,3.7430053565234993
354.0,-87.0,6.016716275029033
354.0,-84.0,6.199096886617493
354.0,-81.0,5.822802955659711
354.0,-78.0,4.94063468213339
354.0,-75.0,4.770481590298169
354.0,-72.0,7.99783720120553
354.0,6.0,1.1546220282608413
354.0,9.0,1.0332764922126585
354.0,12.0,1.415667664494651
354.0,15.0,2.568214614830396
354.0,18.0,3.137805234178062
354.0,21.0,2.6045194536922174
354.0,24.0,2.5687634079293375
354.0,27.0,2.173928573081
354.0,30.0,0.7667103784448579
354.0,33.0,0.8179291640602435
354.0,39.0,1.0653735938513595
354.0,42.0,1.4187694783350462
357.0,-90.0,3.7430053565234993
357.0,-87.0,6.024361843112177
357.0,-84.0,5.923767378712881
357.0,-81.0,6.551058238944478
357.0,-78.0,5.29082953179138
357.0,-75.0,4.734654468968336
357.0,-72.0,4.684302311094878
357.0,6.0,1.253461961632399
357.0,9.0,1.343447040531309
357.0,12.0,1.6801633467503991
357.0,15.0,1.6539010080948902
357.0,18.0,2.9350769629142452
357.0,21.0,2.6003068350792913
357.0,24.0,2.6225546210504596
357.0,27.0,2.3297889982930555
357.0,30.0,1.7388809839031814
357.0,33.0,1.409187829508248
357.0,39.0,1.1849746514846597
357.0,42.0,1.3319513149716695
357.0,48.0,2.036745223738783
357.0,51.0,1.885176966176816
357.0,57.0,1.1392940296064455
